"CNPJ_Companhia","Data_Referencia","Versao","ID_Documento","Quantidade_Acionistas_PF","Quantidade_Acionistas_PJ","Quantidade_Acionistas_Investidores_Institucionais","Quantidade_Acoes_Ordinarias_Circulacao","Percentual_Acoes_Ordinarias_Circulacao","Quantidade_Acoes_Preferenciais_Circulacao","Percentual_Acoes_Preferenciais_Circulacao","Quantidade_Total_Acoes_Circulacao","Percentual_Total_Acoes_Circulacao","Data_Ultima_Assembleia"
"00.000.000/0001-91","2021-01-01",18,110982,828921,15206,1159,1420530937,49.575,0,0,1420530937,49.575,"2021-04-28"
"00.000.208/0001-00","2021-01-01",9,111004,2646,34,0,39346566,14.05,2605590,3.15,41952156,11.56,"2021-12-17"
"00.001.180/0001-26","2021-01-01",6,108270,122540,9677,953,358028908,27.779103,243134047,86.809,601162955,38.317,"2021-04-27"
"00.070.698/0001-11","2021-01-01",5,109579,1023,73,11,2444275,6.804606,11864425,32.80998,14308700,19.85061,"2021-10-25"
"00.080.671/0001-00","2021-01-01",3,109018,8,4,0,0,0,0,0,0,0,"2021-05-03"
"00.192.769/0001-59","2021-01-01",1,105168,0,1,0,0,0,0,0,0,0,"2014-08-29"
"00.194.724/0001-13","2021-01-01",2,108168,0,1,0,0,0,0,0,0,0,"2021-05-13"
"00.242.184/0001-04","2021-01-01",8,110861,4,0,1,170115256,49.200455,0,0,170115256,49.200455,"2021-07-21"
"00.272.185/0001-93","2021-01-01",1,105336,0,2,0,0,0,0,0,0,0,"2021-04-20"
"00.336.701/0001-04","2021-01-01",7,110440,7543,1532,75,928969,1.8782,2167691,11.7761,3096660,4.5629,"2020-07-27"
"00.359.742/0001-08","2021-01-01",3,110341,5707,26,0,6355462,30.410372,0,0,6355462,30.410372,"2021-03-31"
"00.383.281/0001-09","2021-01-01",6,110867,0,1,0,0,0,0,0,0,0,"2019-04-30"
"00.389.481/0001-79","2021-01-01",1,105304,2,0,0,0,0,0,0,0,0,"2020-12-31"
"00.416.968/0001-01","2021-01-01",15,110724,176796,495,1386,597833762,46.222818,1155705869,89.922108,1753539631,68.003457,"2021-08-10"
"00.545.378/0001-70","2021-01-01",2,105553,0,0,2,29188116,100,0,0,29188116,100,"2010-04-30"
"00.622.416/0001-41","2021-01-01",4,108826,0,2,0,0,0,0,0,0,0,"2018-12-14"
"00.644.907/0001-93","2021-01-01",1,105249,30,15,0,402202302,51.14,384203962,48.86,786406264,100,"2021-04-28"
"00.743.065/0001-27","2021-01-01",2,110579,0,3,1,215495403,0,0,0,215495403,100,"2019-09-09"
"00.776.574/0001-56","2021-01-01",10,111038,42945,1253,353,397635158,44.028238,0,0,397635158,44.028238,"2021-06-10"
"00.864.214/0001-06","2021-01-01",5,110891,20735,528,1108,249268674,33.020357,993910757,94.283908,1243179431,68.719563,"2021-04-28"
"00.897.864/0001-58","2021-01-01",2,104591,0,2,0,2e+05,100,0,0,2e+05,100,"1995-11-13"
"00.924.429/0001-75","2021-01-01",2,108092,1,6,0,23,1.6e-05,3,15.789474,26,1.8e-05,"2021-08-09"
"00.938.574/0001-05","2021-01-01",2,108271,0,7,1,48786,100,37680,100,86466,100,"2021-03-12"
"00.974.211/0001-25","2021-01-01",3,108664,0,1,0,0,0,0,0,0,0,"2021-04-28"
"00.979.969/0001-56","2021-01-01",1,103284,5,1,0,0,0,0,0,0,0,"2019-04-29"
"01.027.058/0001-91","2021-01-01",8,111034,181358,1313,333,1144359228,42.121,0,0,1144359228,42.121,"2021-04-23"
"01.083.200/0001-18","2021-01-01",5,110901,51040,840,515,226098192,18.627082,0,0,226098192,18.627082,"2021-04-12"
"01.104.937/0001-70","2021-01-01",4,109043,28263,225,0,1915985,16.29,0,0,1915985,16.29,"2021-04-26"
"01.107.327/0001-20","2021-01-01",2,106121,2,0,1,0,0,0,0,0,0,"2021-06-23"
"01.258.944/0001-26","2021-01-01",1,105394,0,1,0,0,0,0,0,0,0,"2020-04-30"
"01.319.044/0001-41","2021-01-01",1,103915,2,0,0,100,100,0,0,100,100,"2017-04-28"
"01.417.222/0001-77","2021-01-01",2,108662,494,14,0,4309906,2.288454,1951372,1.286613,6261278,1.841552,"2021-04-29"
"01.468.594/0001-22","2021-01-01",5,109183,4,1,0,0,0,0,0,0,0,"2021-03-12"
"01.543.032/0001-04","2021-01-01",10,110871,20,1,1,102022,0.036,0,0,102022,0.036,"2021-04-20"
"01.545.826/0001-07","2021-01-01",6,109241,30600,174,100,118208091,98.506743,0,0,118208091,98.506743,"2020-04-30"
"01.548.981/0001-79","2021-01-01",5,110977,1254,124,2,15919,2.0097,26651,1.6956,42570,1.80081,"2021-04-30"
"01.599.101/0001-93","2021-01-01",16,110738,8552,51,300,122837313,88.099,0,0,122837313,88.099,"2021-04-26"
"01.616.929/0001-02","2021-01-01",6,109569,1,60,3,0,0,0,0,0,0,"2019-10-18"
"01.838.723/0001-27","2021-01-01",6,110720,59091,1871,34,811759800,99.912188,0,0,811759800,99.912188,"2021-04-27"
"01.851.771/0001-55","2021-01-01",1,104991,0,1,1,0,0,0,0,0,0,"2021-04-30"
"01.896.779/0001-38","2021-01-01",3,110317,23381,226,118,18488934,44.2,0,0,18488934,44.2,"2021-11-17"
"01.917.818/0001-36","2021-01-01",8,111010,0,1,0,0,0,0,0,0,0,"2021-04-29"
"01.938.783/0001-11","2021-01-01",3,110370,1537,26,3,2805965,43.67,1601554,24.92,4407519,34.29,"2021-04-30"
"01.957.772/0001-89","2021-01-01",2,105881,0,4,1,0,0,0,0,0,0,"2014-12-26"
"01.971.614/0001-83","2021-01-01",4,109413,2453,1501,2,69915,6.81,143068,16.37,212983,11.2,"2021-04-30"
"01.989.044/0001-59","2021-01-01",1,103950,2,0,0,1000,100,0,0,1000,100,"2019-04-30"
"02.016.440/0001-62","2021-01-01",3,109137,0,1,0,0,0,0,0,0,0,"2021-04-29"
"02.062.747/0001-08","2021-01-01",1,104993,0,1,1,0,9e-06,0,0,0,9e-06,"2021-04-30"
"02.105.040/0001-23","2021-04-01",3,108918,0,2,0,41403,99.409349,246,0.590651,41649,100,"2020-04-30"
"02.105.040/0001-23","2021-12-31",1,100560,0,2,0,41403,99.409349,246,0.590651,41649,100,"2020-04-30"
"02.149.205/0001-69","2021-01-01",4,109370,76856,413,666,181864206,28.126837,0,0,181864206,28.126837,"2021-10-20"
"02.162.616/0001-94","2021-01-01",4,108892,1,1,0,0,0,0,0,0,0,"2019-04-29"
"02.193.750/0001-52","2021-01-01",12,110454,8374,503,116,53766810,57.19,5307231,5.645,59074041,62.836,"2021-08-11"
"02.201.787/0001-85","2021-01-01",1,105190,4,4,0,2609000,99.999,30,0.001,2609030,100,"2012-04-30"
"02.217.319/0001-07","2021-01-01",1,105344,1,0,0,0,0,0,0,0,0,"2021-04-16"
"02.221.531/0001-30","2021-01-01",4,110384,0,1,0,0,0,0,0,0,0,"2021-04-05"
"02.255.187/0001-08","2021-01-01",3,108394,6,1,0,101099463,27.92,0,0,101099463,27.92,"2021-06-10"
"02.258.422/0001-97","2021-01-01",3,110993,0,1,0,0,0,0,0,0,0,"2012-05-03"
"02.281.836/0001-37","2021-01-01",3,109933,0,6,0,26099763,0,26099748,0,52199511,0,"2019-05-10"
"02.286.479/0001-08","2021-01-01",4,109036,0,1,0,0,0,0,0,0,0,"2021-03-29"
"02.291.077/0001-93","2021-01-01",2,103648,0,1,5,45000,45,0,0,45000,45,"2021-04-24"
"02.302.100/0001-06","2021-01-01",5,110930,0,1,0,39091735037,100,0,0,39091735037,100,"2021-04-30"
"02.302.101/0001-42","2021-01-01",6,110476,30832,246,9,1097,0.00746,22189646,99.765899,22190743,60.060878,"2021-04-23"
"02.318.346/0001-68","2021-01-01",3,110456,0,1,1,0,0.002,0,0,0,0.002,"2021-10-15"
"02.328.280/0001-97","2021-01-01",7,109687,1130,24,8,25147,0.027369,598697,0.587659,623844,0.321969,"2021-04-09"
"02.338.534/0001-58","2021-01-01",1,109555,6,3,2,24013,0.4949,0,0,24013,0.4949,"2012-05-03"
"02.351.144/0001-18","2021-01-01",5,110833,14409,81,248,32001480,48.485,0,0,32001480,48.485,"2021-04-13"
"02.351.877/0001-52","2021-01-01",8,110592,63593,1011,900,431783548,73.235591,0,0,431783548,73.235591,"2021-05-11"
"02.357.251/0001-53","2021-01-01",2,108748,0,5,0,0,0,0,0,0,0,"2021-04-19"
"02.365.069/0001-44","2021-01-01",3,108695,4842,25,32,34893806,44.48,0,0,34893806,44.48,"2021-03-31"
"02.382.073/0001-10","2021-01-01",3,106383,0,2,0,1,0,0,0,1,0,"2021-04-29"
"02.387.241/0001-60","2021-01-01",6,108983,80106,2276,46,1216056103,65.57,0,0,1216056103,65.57,"2021-04-27"
"02.397.080/0001-96","2021-01-01",5,108470,0,2,0,0,0,0,0,0,0,"2021-04-06"
"02.415.408/0001-50","2021-01-01",2,108242,0,1,0,0,0,0,0,0,0,"2001-07-26"
"02.421.421/0001-11","2021-01-01",5,111021,1259476,229157,83,808619532,33.402927,0,0,808619532,33.402927,"2021-03-31"
"02.429.144/0001-93","2021-01-01",2,108760,26667,4825,1100,187732538,16.29,0,0,187732538,16.29,"2021-04-30"
"02.451.848/0001-62","2021-01-01",2,108244,0,1,0,0,0,0,0,0,0,"2021-04-05"
"02.474.103/0001-19","2021-01-01",6,109470,232303,8121,980,255217329,31.279403,0,0,255217329,31.279403,"2021-04-28"
"02.502.844/0001-66","2021-01-01",1,105683,0,1,0,0,0,0,0,0,0,"2019-04-30"
"02.509.186/0001-34","2021-01-01",2,109509,0,1,0,610000,100,0,0,610000,100,"2018-04-20"
"02.509.491/0001-26","2021-01-01",9,110612,0,1,0,0,0,0,0,0,0,"2021-04-27"
"02.558.157/0001-62","2021-01-01",7,110777,1460877,254123,4700,433476952,25.635,0,0,433476952,25.635,"2021-04-15"
"02.560.878/0001-07","2021-01-01",2,110709,0,1,0,0,0,0,0,0,0,"2021-06-09"
"02.591.787/0001-39","2021-01-01",5,109573,22,20,0,933,0.655,0,0,933,0.651364,"2016-04-29"
"02.635.522/0001-95","2021-03-31",8,104794,10827,147,201,97713448,33.024,0,0,97713448,33.024,"2021-01-14"
"02.643.896/0001-52","2021-01-01",1,105291,0,1,0,0,0,0,0,0,0,"2018-04-28"
"02.664.042/0001-52","2021-01-01",1,104907,0,2,0,0,0,0,0,0,0,"2013-04-16"
"02.682.287/0001-02","2021-01-01",1,105657,0,2,0,11000,100,0,0,11000,100,"2021-04-29"
"02.724.983/0001-34","2021-01-01",1,105061,0,1,0,0,0,0,0,0,0,"2020-12-28"
"02.736.470/0001-43","2021-01-01",1,108212,0,1,0,0,0,0,0,0,0,"2021-07-12"
"02.762.113/0001-50","2021-01-01",4,108238,0,1,0,0,0,0,0,0,0,"2021-04-29"
"02.762.121/0001-04","2021-01-01",4,109280,70389,222,474,858126173,99.454774,0,0,858126173,99.454774,"2021-10-25"
"02.762.124/0001-30","2021-01-01",1,104995,4,0,0,1,100,0,0,1,100,"2014-04-28"
"02.773.542/0001-22","2021-01-01",5,109186,0,1,0,0,0,0,0,0,1e-06,"2021-04-09"
"02.783.423/0001-50","2021-01-01",1,105727,2,0,0,36218984,100,0,0,36218984,100,"2020-04-30"
"02.796.775/0001-40","2021-01-01",2,109251,0,2,1,0,0,0,0,0,0,"2015-04-27"
"02.800.026/0001-40","2021-01-01",6,110770,303409,2316,329,1828106676,97.415572,0,0,1828106676,97.415572,"2021-04-30"
"02.846.056/0001-97","2021-01-01",11,110562,53645,397,1164,1115693556,55.232354,0,0,1115693556,55.232354,"2021-04-08"
"02.860.694/0001-62","2021-01-01",5,108612,15052,143,23,34484939,51.155013,0,0,34484939,51.155013,"2021-04-30"
"02.916.265/0001-60","2021-01-01",6,110866,95449,1732,1007,1290736673,54.372756,0,0,1290736673,54.372756,"2021-04-28"
"02.919.555/0001-67","2021-01-01",1,104959,0,4,0,0,0,0,0,0,0,"2017-06-14"
"02.932.074/0001-91","2021-01-01",2,108639,60760,882,673,410253528,64.77,0,0,410253528,64.77,"2021-07-30"
"02.950.811/0001-89","2021-01-01",8,109132,9534,108,51,56133457,100,0,0,56133457,100,"2021-06-14"
"02.992.449/0001-09","2021-01-01",1,105000,0,1,2,0,0,0,0,0,0,"2021-04-30"
"02.998.301/0001-81","2021-01-01",3,110841,11170,229,26,297036,0.94,3300250,5.24,3597286,3.81,"2021-04-30"
"02.998.611/0001-04","2021-01-01",3,108649,168627,759,1524,27080900,10.499007,395797044,98.715904,422877944,64.181008,"2021-03-25"
"03.014.553/0001-91","2021-01-01",2,107396,12683,101,1,74237233,42.180246,0,0,74237233,42.180246,"2021-04-30"
"03.025.305/0001-46","2021-01-01",2,109545,0,1,0,74220000,100,0,0,74220000,100,"2012-06-29"
"03.207.703/0001-83","2021-01-01",2,105206,0,2,0,0,0,0,0,0,0,"2016-04-29"
"03.220.438/0001-73","2021-01-01",5,108234,62078,2174,1721,1010511085,100,0,0,1010511085,100,"2021-04-30"
"03.303.999/0001-36","2021-01-01",1,104554,579,6,0,225512,2.1114,0,0,225512,2.033,"2021-04-30"
"03.342.704/0001-30","2021-01-01",12,111015,4676,34,232,231316650,93.078759,0,0,231316650,93.078759,"2021-07-30"
"03.378.521/0001-75","2021-01-01",14,111006,26265,10263,872,372555324,100,0,0,372555324,100,"2021-04-29"
"03.467.321/0001-99","2021-01-01",2,110906,250,59,14,4383194,5.8,1063437,0.74,5446631,2.49,"2021-04-28"
"03.494.776/0001-01","2021-01-01",4,111025,0,1,0,0,0,0,0,0,0,"2021-07-27"
"03.538.833/0001-07","2021-01-01",2,111013,1,0,1,0,0,0,0,0,0,"2020-03-31"
"03.758.318/0001-24","2021-01-01",11,110315,0,1,3,71528562,50,143057122,50,214585684,50,"2021-01-26"
"03.767.538/0001-14","2021-01-01",5,109134,0,1,0,0,0,0,0,0,0,"2021-04-29"
"03.795.050/0001-09","2021-01-01",2,105906,0,1,0,0,0,0,0,0,0,"2021-04-06"
"03.802.115/0001-98","2021-01-01",9,110478,10504,201,218,53512890,28.475503,0,0,53512890,28.475503,"2021-10-31"
"03.818.379/0001-30","2021-01-01",1,105277,0,3,0,0,0,0,0,0,0,"2019-12-17"
"03.847.461/0001-92","2021-01-01",6,111002,113876,10910,533,30390142,22.0235,251414753,98.5528,281804895,71.6885,"2021-12-20"
"03.853.896/0001-40","2021-01-01",3,106627,67332,594,827,348234011,48.952592,0,0,348234011,48.922592,"2021-04-30"
"03.953.509/0001-47","2021-01-01",1,104865,0,1,0,0,0,0,0,0,0,"2021-04-26"
"03.983.431/0001-03","2021-01-01",6,110404,270222,0,1658,230931405,38.054092,0,0,230931405,38.054092,"2021-03-31"
"04.030.182/0001-02","2021-01-01",2,108722,1,1,0,2458000,100,4916000,100,7374000,100,"2016-07-05"
"04.031.213/0001-31","2021-01-01",2,108719,1,1,0,703211,100,1406542,100,2109753,0,"2016-06-20"
"04.032.433/0001-80","2021-01-01",7,110824,3704,37,27,7165798,26.889,0,0,7165798,26.889,"2021-04-26"
"04.038.763/0001-82","2021-01-01",3,108715,1,1,0,686869,0,1373254,0,2060123,100,"2016-06-20"
"04.065.791/0001-99","2021-01-01",7,110396,109055,345,198,72771546,82.75,0,0,72771546,82.75,"2021-04-29"
"04.069.709/0001-02","2021-01-01",2,105797,6,3,0,41007292,30.96,0,0,41007292,30.96,"2021-02-15"
"04.089.570/0001-50","2021-01-01",3,106908,0,2,0,1,0,0,0,1,0,"2021-04-29"
"04.128.563/0001-10","2021-01-01",3,110458,0,1,0,0,0,0,0,0,0,"2021-04-30"
"04.149.454/0001-80","2021-01-01",19,110796,35050,484,179,339237914,48.718,0,0,339237914,48.718,"2021-04-28"
"04.172.213/0001-51","2021-01-01",2,109135,0,1,0,0,0,0,0,0,0,"2021-04-29"
"04.200.649/0001-07","2021-01-01",15,110817,2,0,0,820000,100,0,0,820000,100,"2020-10-09"
"04.233.319/0001-18","2021-01-01",2,107446,0,3,0,0,0,0,0,0,0,"2021-04-26"
"04.370.282/0001-70","2021-01-01",4,110899,0,1,0,0,0,0,0,0,0,"2020-04-30"
"04.423.567/0001-21","2021-01-01",1,105475,47067,1142,0,1261568398,99.7087,0,0,1261568398,99.7087,"2021-04-30"
"04.437.534/0001-30","2021-01-01",1,105546,0,1,0,0,0,0,0,0,0,"2021-04-29"
"04.739.720/0001-24","2021-01-01",1,105240,0,2,0,0,0,0,0,0,0,"2021-04-01"
"04.752.991/0001-10","2021-01-01",8,110567,2257,97,0,23890201,35.2487,0,0,23890201,35.2487,"2021-06-29"
"04.821.041/0001-08","2021-01-01",5,110495,424,15,1,1895139,46.15,0,0,1895139,46.15,"2021-05-19"
"04.895.728/0001-80","2021-01-01",2,108631,1734,554,17,73343731,3.32,3991521,89.63,77335252,3.5,"2019-04-29"
"04.902.979/0001-44","2021-01-01",1,105353,12024,57,3,1247331,4.2,0,0,1247331,4.2,"2020-12-31"
"04.912.242/0001-02","2021-01-01",1,104814,218,1,0,24353,81.4808,5535,15.5192,29888,100,"2001-04-30"
"04.913.711/0001-08","2021-01-01",5,109105,210,117,2,2036,0.02138,0,0,2036,0.02138,"2021-04-14"
"04.972.092/0001-22","2021-01-01",5,110730,4,0,1,0,0,0,0,0,0,"2021-04-26"
"04.986.320/0001-13","2021-01-01",3,108816,19393,227,133,54338507,42.21,0,0,54338507,42.21,"2021-04-30"
"04.992.714/0001-84","2021-01-01",4,108435,0,3,0,0,0,0,0,0,0,"2021-04-22"
"05.197.443/0001-38","2021-01-01",10,110304,35931,205,1606,1306955040,33.584263,0,0,1306955040,33.584263,"2021-04-30"
"05.303.439/0001-07","2021-01-01",3,109741,1,1,0,0,0,0,0,0,0,"2021-10-18"
"05.336.882/0001-84","2021-01-01",2,109027,0,1,0,76281111,100,0,0,76281111,100,"2011-08-18"
"05.347.060/0001-07","2021-01-01",2,110411,0,1,1,0,0,0,0,0,0,"2021-09-16"
"05.721.735/0001-28","2021-01-01",10,106624,801,5,86,31415960,43.12,0,0,31415960,43.12,"2021-04-22"
"05.730.375/0001-20","2021-01-01",4,108514,0,1,0,0,0,0,0,0,0,"2021-09-01"
"05.799.312/0001-20","2021-01-01",6,109045,0,1,1,0,0,0,0,0,0,"2021-08-01"
"05.878.397/0001-32","2021-01-01",6,110425,38078,134,803,126260263,47.506845,0,0,126260263,47.506845,"2021-04-28"
"05.889.284/0001-32","2021-01-01",1,104949,3,2,0,0,0,0,0,0,0,"2021-04-30"
"05.917.486/0001-40","2021-01-01",9,108432,2,0,1,19537200,30.3707,0,0,19537200,30.3707,"2021-07-12"
"06.016.348/0001-53","2021-01-01",1,105221,0,3,0,0,0,0,0,0,0,"2019-09-04"
"06.047.087/0001-39","2021-01-01",9,110426,54151,2031,0,929901433,46.255,0,0,929901433,46.255,"2021-04-30"
"06.057.223/0001-71","2021-01-01",10,110737,25453,278,1142,794310097,58.982271,0,0,794310097,58.982271,"2021-08-11"
"06.164.253/0001-87","2021-01-01",13,110782,95452,324,439,0,0,167095214,53.227068,167095214,5.258516,"2021-04-22"
"06.272.793/0001-84","2021-01-01",2,108235,1466,27,18,56198212,34.84,1087583,37.961,57285795,34.89,"2018-04-25"
"06.347.409/0001-65","2021-01-01",1,105629,0,2,0,0,0,0,0,0,0,"2021-04-30"
"06.626.253/0001-51","2021-01-01",5,110324,29365,97,71,157843200,35.568,0,0,157843200,35.568,"2021-04-23"
"06.948.969/0001-75","2021-01-01",3,106436,0,1,0,0,0,0,0,0,0,"2021-07-01"
"06.977.745/0001-91","2021-01-01",2,110910,69071,369,817,834170584,95.537,0,0,834170584,95.537,"2021-04-30"
"06.977.751/0001-49","2021-01-01",6,110593,13257,90,368,187579163,39.560335,0,0,187579163,39.560335,"2021-04-26"
"06.981.176/0001-58","2021-01-01",4,110609,0,1,0,0,0,0,0,0,0,"2020-07-31"
"06.981.180/0001-16","2021-01-01",4,110610,0,1,0,0,0,0,0,0,0,"2019-08-07"
"06.981.381/0001-13","2021-03-31",5,108105,0,89,1,0,0,0,0,0,0,"2019-07-25"
"07.040.108/0001-57","2021-01-01",6,110998,4,5,0,21340663,11.626,18169,0.01,21358832,11.636,"2020-10-20"
"07.043.628/0001-13","2021-01-01",1,105295,0,2,0,0,0,0,0,0,0,"2021-04-27"
"07.047.251/0001-70","2021-01-01",4,110872,2138,195,121,1003692,2.08807,19198932,64.453281,20202624,25.948939,"2021-04-26"
"07.119.838/0001-48","2021-01-01",1,105330,0,2,0,0,0,0,0,0,0,"2020-04-30"
"07.206.816/0001-15","2021-01-01",6,110919,101893,286,447,83169222,24.533694,0,0,83169222,24.533694,"2021-04-30"
"07.237.373/0001-20","2021-01-01",11,110999,8800,1108,14,679722,0.78,0,0,679722,0.78,"2021-06-30"
"07.253.321/0001-47","2021-01-01",1,105092,5,1,0,155000,70,66000,30,221000,100,"2020-07-30"
"07.275.159/0001-68","2021-01-01",1,104187,177,365,0,239823,48.31,1672246,95.37,1912069,84.33,"2011-04-29"
"07.282.377/0001-20","2021-01-01",3,110911,21,10,0,731,0.75,0,0,731,0.75,"2021-04-29"
"07.334.600/0001-35","2021-01-01",1,104809,8,2,0,0,0,0,0,0,0,"2020-04-30"
"07.401.436/0001-31","2021-01-01",3,108232,0,2,0,1525558419,100,0,0,1525558419,100,"2012-08-20"
"07.415.333/0001-20","2021-01-01",9,110802,24051,233,11,225252808,27.67,0,0,225252808,27.67,"2021-04-29"
"07.437.016/0001-05","2021-01-01",1,105320,3,3,0,0,0,0,0,0,0,"2021-04-28"
"07.526.557/0001-00","2021-01-01",6,110765,333068,2334,800,4359158910,27.69,0,0,4359158910,27.69,"2021-11-21"
"07.587.384/0001-30","2021-01-01",1,104687,1,1,0,0,0,0,0,0,0,"2015-04-30"
"07.594.978/0001-78","2021-01-01",11,111017,12,14,0,243804766,42.68,0,0,243804766,42.68,"2021-06-22"
"07.628.528/0001-59","2021-06-30",13,110463,16997,101,180,51771532,63.056,0,0,51771532,63.056,"2021-01-22"
"07.636.657/0001-99","2021-01-01",1,108101,4,1,0,0,0,0,0,0,0,"2021-08-09"
"07.659.538/0001-51","2021-01-01",3,108843,3,1,0,334424444,100,0,0,334424444,100,"2007-04-27"
"07.689.002/0001-89","2021-01-01",4,109928,111848,14542,455,734558205,99.202,0,0,734558205,99.202,"2021-05-17"
"07.704.246/0001-93","2021-01-01",2,110987,8,1,0,0,0,0,0,0,0,"2021-11-30"
"07.718.269/0001-57","2021-01-01",3,106845,4912,33,62,23408641,46.821594,0,0,23408641,46.821594,"2021-04-30"
"07.802.794/0001-56","2021-01-01",3,108724,0,2,0,0,0,0,0,0,0,"2021-03-05"
"07.816.890/0001-53","2021-01-01",6,109843,46068,1534,0,272718548,48.24,0,0,272718548,45.38,"2021-06-30"
"07.820.907/0001-46","2021-01-01",2,109029,366,4,24,2380679,98.287772,0,0,2380679,98.287727,"2021-04-30"
"07.857.093/0001-14","2021-01-01",5,110402,46,32,1,30132555,42.59,0,0,30132555,42.59,"2020-10-30"
"07.857.850/0001-50","2021-01-01",8,109480,2337,8,79,0,0,63519148,84.330664,63519148,57.878421,"2021-04-30"
"07.859.510/0001-68","2021-01-01",2,106401,0,3,0,0,0,0,0,0,0,"2020-05-24"
"07.859.971/0001-30","2021-01-01",3,108886,392926,445,1175,218568274,37.000689,437136468,98.72484,655704742,63.445266,"2021-04-29"
"07.882.930/0001-65","2021-01-01",2,107378,21152,156,182,54034454,51.085,0,0,54034454,51.085,"2021-04-30"
"07.976.147/0001-60","2021-01-01",6,109855,0,2,0,0,0,0,0,0,0,"2020-03-31"
"08.065.557/0001-12","2021-01-01",9,111036,51324,207,180,51422618,69.849437,0,0,51422618,69.849437,"2021-05-05"
"08.070.508/0001-78","2021-03-31",5,108095,0,3,0,0,0,0,0,0,0,"2021-06-30"
"08.078.847/0001-09","2021-01-01",1,105250,24395,199,56,114874308,77.852052,0,0,114874308,77.852052,"2021-05-21"
"08.159.965/0001-33","2021-01-01",6,108791,0,1,5,427804422,100,0,0,427804422,100,"2021-07-12"
"08.170.849/0001-15","2021-01-01",9,110684,5874,278,0,30435000,34.985965,0,0,30435000,34.985965,"2021-03-31"
"08.294.224/0001-65","2021-01-01",5,108903,121364,901,118,305915142,44.57946,0,0,305915142,44.57946,"2021-03-29"
"08.312.229/0001-73","2021-01-01",2,106630,79106,830,646,101618236,44.766,0,0,101618236,44.766,"2021-04-29"
"08.324.196/0001-81","2021-01-01",7,110786,6015,412,9,8895333,6.86,2777379,7.25,11672712,6.95,"2021-04-09"
"08.343.492/0001-20","2021-01-01",6,108378,54182,997,853,294643879,61.018661,0,0,294643879,61.018661,"2021-04-23"
"08.364.948/0001-38","2021-01-01",11,110781,80221,807,0,140050337,23.46,280479115,99.41,420529452,47.84,"2021-04-27"
"08.402.943/0001-52","2021-01-01",4,110167,17911,487,0,81934660,16.413193,0,0,81934660,16.413193,"2021-04-28"
"08.424.178/0001-71","2021-01-01",1,105171,3,4,0,18089,14.99,102590,85.01,120679,100,"2016-04-29"
"08.439.659/0001-50","2021-01-01",2,108257,0,2,0,0,0,0,0,0,0,"2021-04-12"
"08.467.115/0001-00","2021-01-01",7,110792,376,210,0,3170333,4.656029,162927,99.34,3333260,4.883545,"2021-04-30"
"08.493.364/0001-62","2021-03-31",1,97988,0,5,0,1258415911,100,0,0,1258415911,100,"2020-09-30"
"08.493.364/0001-62","2021-04-01",1,106525,0,5,0,1258415911,100,0,0,1258415911,100,"2020-09-30"
"08.534.605/0001-74","2021-01-01",4,108713,5266,42,6387,13333111,24.0142,24338347,45.1059,37671458,34.4094,"2021-05-31"
"08.560.444/0001-93","2021-01-01",5,110102,376,93,0,77829,0.1,0,0,77829,0.1,"2020-04-03"
"08.574.411/0001-00","2021-01-01",1,105288,0,2,0,0,0,373242,100,373242,10.011123,"2021-04-30"
"08.613.550/0001-98","2021-01-01",7,108800,2,0,8,77941395,99.248,0,0,77941395,99.248,"2021-04-30"
"08.764.621/0001-53","2021-01-01",4,106618,1950,4,21,1428328,74.053865,0,0,1428328,74.053865,"2021-04-26"
"08.769.451/0001-08","2021-01-01",9,110266,0,1,0,0,0,0,0,0,0,"2020-10-01"
"08.769.451/0001-08","2021-12-31",3,101031,0,1,0,0,0,0,0,0,0,"2020-10-01"
"08.773.135/0001-00","2021-01-01",10,110746,23,2,0,1987095,1.75,0,0,1987095,1.75,"2021-08-25"
"08.773.191/0001-36","2021-01-01",1,105324,0,2,0,0,0,0,0,0,0,"2021-04-30"
"08.795.211/0001-70","2021-01-01",1,105502,3,1,3,0,0,0,0,0,0,"2015-04-29"
"08.797.760/0001-83","2021-01-01",3,107324,15233,212,55,104486454,35.8,0,0,104486454,35.8,"2021-04-23"
"08.801.621/0001-86","2021-01-01",8,110739,9363,108,120,59660124,39.084,0,0,59660124,39.084,"2021-04-30"
"08.807.432/0001-10","2021-01-01",6,110643,40062,455,713,300833122,97.329,0,0,300833122,97.329,"2021-04-28"
"08.810.422/0001-34","2021-01-01",2,107223,3,1,1,0,0,0,0,0,0,"2021-07-12"
"08.811.643/0001-27","2021-01-01",1,105033,54410,456,170,83225626,44.597,0,0,83225626,44.597,"2021-04-23"
"08.822.767/0001-08","2021-01-01",3,109546,0,1,0,0,100,0,0,0,100,"2018-12-14"
"08.827.501/0001-58","2021-01-01",5,109130,0,5,0,207858034,29.27757,273447399,88.44915,481305433,47.22782,"2021-07-01"
"08.873.873/0001-10","2021-01-01",12,110617,0,1,0,0,0,0,0,0,0,"2021-04-27"
"08.902.291/0001-15","2021-01-01",6,110757,85359,2103,2103,1120593365,20.041925,0,0,1120593365,20.041925,"2021-11-03"
"08.926.302/0001-05","2021-01-01",4,107411,62907,440,108,310021350,99.976871,0,0,310021350,99.976871,"2021-07-26"
"08.935.054/0001-50","2021-01-01",2,110408,0,2,1,3788360,48.089427,6843555,99.999971,10631915,100,"2017-11-21"
"08.937.002/0001-13","2021-01-01",1,104847,2,1,0,1293000,100,0,0,1293000,100,"2014-05-30"
"09.041.168/0001-10","2021-01-01",9,110600,21084,266,167,59190591,57.94,0,0,59190591,57.94,"2021-03-17"
"09.042.817/0001-05","2021-01-01",9,110626,13013,173,173,86869818,95.557,0,0,86869818,95.557,"2021-05-19"
"09.053.134/0001-45","2021-01-01",7,109334,18,0,5,87826271,18.249,0,0,87826271,18.249,"2021-02-26"
"09.054.385/0001-44","2021-01-01",1,105069,12,3,0,126253,0.907,0,0,126253,0.907,"2020-12-18"
"09.074.183/0001-64","2021-01-01",1,105252,0,1,0,428071225,100,0,0,428071225,100,"2018-04-27"
"09.083.175/0001-84","2021-01-01",7,110678,52422,518,343,67808642,53.6,0,0,67808642,53.6,"2021-04-30"
"09.095.183/0001-40","2021-01-01",3,110909,0,1,0,0,0,0,0,0,0,"2021-04-29"
"09.112.685/0001-32","2021-01-01",2,107289,5219,15,4,1592166,50.576454,0,0,1592166,50.576454,"2021-04-30"
"09.114.805/0001-30","2021-01-01",8,110647,3917,179,32,123217826,61.621375,0,0,123217826,61.621375,"2021-04-30"
"09.116.278/0001-01","2021-01-01",1,105084,0,1,0,14048567,77.52,4073532,24.8,18122099,100,"2013-04-29"
"09.146.451/0001-06","2021-01-01",7,110680,3,1,0,0,0,0,0,0,0,"2021-11-11"
"09.149.503/0001-06","2021-01-01",9,110778,10583,107,460,125992213,63.005135,0,0,125992213,63.005135,"2021-04-30"
"09.229.201/0001-30","2021-01-01",4,110652,43,2,2,385222623,57.71,0,0,385222623,57.71,"2021-03-26"
"09.257.877/0001-37","2021-01-01",1,104812,0,1,0,0,0,0,0,0,0,"2019-04-30"
"09.267.996/0001-70","2021-01-01",2,106360,2,0,0,0,0,0,0,0,0,"2021-06-15"
"09.288.252/0001-32","2021-01-01",3,108840,19378,275,392,289440660,71.667001,0,0,289440660,71.667001,"2021-04-26"
"09.295.063/0001-97","2021-01-01",6,110491,13814,77,44,50121310,63.843748,0,0,50121310,63.843748,"2021-11-26"
"09.304.427/0001-58","2021-01-01",1,105341,3,0,0,9e+05,100,0,0,9e+05,100,"2020-04-30"
"09.305.994/0001-29","2021-01-01",4,110710,121168,1036,221,306558420,33,327741172,98.242213,634299592,50.238754,"2021-04-29"
"09.313.969/0001-97","2021-01-01",6,110287,0,1,0,0,0,0,0,0,0,"2021-10-14"
"09.324.949/0001-11","2021-01-01",2,106493,0,1,0,0,0,0,0,0,0,"2014-04-16"
"09.325.109/0001-73","2021-01-01",2,106532,0,1,0,0,0,0,0,0,99.999999,"2014-04-17"
"09.326.342/0001-70","2021-01-01",1,104963,0,1,0,0,0,0,0,0,0,"2016-05-05"
"09.336.431/0001-06","2021-01-01",3,108924,0,1,0,0,0,0,0,0,0,"2014-04-17"
"09.346.601/0001-25","2021-01-01",11,110858,386804,3629,1488,6065856318,99.018222,0,0,6065856318,99.018222,"2021-12-09"
"09.347.516/0001-81","2021-01-01",7,110843,1583,13,96,47550775,34.438781,0,0,47550775,34.438781,"2021-04-30"
"09.359.927/0001-97","2021-01-01",2,110865,0,1,0,0,0,0,0,0,0,"2021-11-30"
"09.391.823/0001-60","2021-01-01",4,108643,0,1,0,0,0,0,0,0,0,"2021-04-28"
"09.414.761/0001-64","2021-01-01",3,109757,0,1,0,0,0,0,0,0,0,"2018-11-23"
"09.527.023/0001-23","2021-01-01",2,108948,0,1,0,0,0,0,0,0,0,"2021-09-17"
"09.611.768/0001-76","2021-01-01",2,105845,5,0,0,0,0,0,0,0,0,"2020-06-09"
"09.625.321/0001-56","2021-01-01",3,108883,0,5,0,0,0,0,0,0,0,"2021-09-23"
"09.813.204/0001-16","2021-01-01",4,108129,6,2,0,0,0,0,0,0,0,"2020-09-21"
"10.139.870/0001-08","2021-01-01",3,108982,73836,617,138,109743428,45.982718,0,0,109743428,45.982718,"2021-04-30"
"10.215.988/0001-60","2021-01-01",6,110389,31505,1020,732,324522975,63.791,0,0,324522975,63.791,"2021-04-28"
"10.234.027/0001-00","2021-01-01",4,110172,0,2,0,0,0,0,0,0,0,"2018-05-08"
"10.240.186/0001-00","2021-01-01",4,110168,0,2,0,0,0,0,0,0,0,"2018-05-08"
"10.285.590/0001-08","2021-01-01",15,110975,44571,1027,568,489194623,62.337848,0,0,489194623,62.337848,"2021-09-14"
"10.324.624/0001-18","2021-01-01",4,110412,0,1,0,0,0,0,0,0,0,"2021-11-08"
"10.338.320/0001-00","2021-01-01",4,106606,3222,273,7,862287,1.37,0,0,862287,1.37,"2021-04-07"
"10.440.482/0001-54","2021-01-01",9,110763,230961,16492,1075,90675851,9.537613,97626953,10.657921,188302804,10.08735,"2021-10-20"
"10.464.223/0001-63","2021-01-01",3,106417,3,1,0,0,0,0,0,0,0,"2021-07-12"
"10.488.244/0001-19","2021-01-01",1,105307,0,2,0,10000,100,0,0,10000,100,"2013-12-27"
"10.502.676/0001-37","2021-01-01",1,105306,0,1,0,0,0,0,0,0,0,"2014-07-14"
"10.531.501/0001-58","2021-01-01",2,105872,0,1,0,4094242310,50,4094242309,50,8188484619,100,"2021-02-15"
"10.571.175/0001-02","2021-01-01",3,108555,7,2,0,0,0,0,0,0,0,"2021-04-30"
"10.608.405/0001-60","2021-01-01",14,110585,1,1,0,2750000,100,0,0,2750000,100,"2020-10-01"
"10.629.105/0001-68","2021-01-01",6,110859,72118,438,876,839159130,95.54,0,0,839159130,95.54,"2021-04-20"
"10.635.691/0001-53","2021-01-01",2,106518,0,1,0,249500000,50,249500000,50,4.99e+08,100,"2020-09-01"
"10.647.979/0001-48","2021-01-01",3,110382,0,2,0,0,0,0,0,0,0,"2021-05-11"
"10.670.314/0001-55","2021-01-01",3,108609,0,2,0,0,0,0,0,0,0,"2021-04-30"
"10.678.505/0001-63","2021-01-01",1,110601,0,2,0,0,0,0,0,0,0,"2015-06-30"
"10.739.356/0001-03","2021-01-01",10,110759,4347,16,78,56875160,29.069,113750320,96.153,170625480,54.347,"2021-06-25"
"10.753.164/0001-43","2021-01-01",5,110641,1,0,0,0,0,0,0,0,0,"2020-05-06"
"10.760.260/0001-19","2021-01-01",5,108565,157237,599,537,224231429,99.687296,0,0,224231429,99.687296,"2021-04-27"
"10.807.374/0001-77","2021-01-01",6,106201,31626,458,88,46459548,39.7,0,0,46459548,39.7,"2021-05-28"
"10.835.932/0001-08","2021-01-01",6,109666,1345,221,31,280143,0.42,7445048,89.59,7725191,10.35,"2021-04-08"
"10.841.050/0001-55","2021-01-01",11,110613,0,1,0,0,0,0,0,0,0,"2021-04-27"
"10.851.805/0001-00","2021-01-01",1,105609,0,1,1,0,0,0,0,0,0,"2017-08-31"
"11.257.352/0001-43","2021-01-01",1,104970,1,1,0,0,0,0,0,0,0,"2014-08-01"
"11.274.829/0001-07","2021-01-01",4,110400,0,2,0,0,0,0,0,0,0,"2019-04-30"
"11.284.204/0001-18","2021-01-01",2,110568,3,2,0,7608855,23.544,0,0,7608855,23.544,"2021-04-30"
"11.421.994/0001-36","2021-01-01",5,110506,8985,28,339,33533742,46.9,0,0,33533742,46.9,"2021-09-28"
"11.669.021/0001-10","2021-01-01",2,108156,58360,496,377,76634938,28.83,0,0,76634938,28.83,"2021-04-30"
"11.716.471/0001-17","2021-01-01",2,109452,1,1,0,28905,100,0,0,28905,100,"2020-09-30"
"11.721.921/0001-60","2021-01-01",5,109322,4036,21,105,14714997,96.603958,0,0,14714997,96.603958,"2021-10-22"
"11.725.176/0001-27","2021-01-01",7,108794,1509,14,182,531381332,99.98889,0,0,531381332,99.98889,"2021-08-05"
"11.992.680/0001-93","2021-01-01",3,110676,58478,583,256,277027077,97.539825,0,0,277027077,97.539825,"2021-10-29"
"12.049.631/0001-84","2021-01-01",6,110979,5607,131,51,56957595,67.1,0,0,56957595,67.1,"2021-04-30"
"12.091.809/0001-55","2021-01-01",16,111011,44389,689,807,199733824,98.6,0,0,199733824,98.6,"2021-11-09"
"12.104.241/0004-02","2021-01-01",9,110988,29,2,0,135788449,27.268,0,0,135788449,27.268,"2021-07-07"
"12.108.897/0001-50","2021-01-01",3,107892,19890,239,40,23536205,46.512,0,0,23536205,46.512,"2021-04-26"
"12.130.744/0001-00","2021-01-01",6,110403,0,2,0,0,0,0,0,0,0,"2018-05-25"
"12.139.922/0001-63","2021-01-01",1,105068,1,1,0,0,0,0,0,0,0,"2021-04-30"
"12.181.987/0001-77","2021-01-01",2,109004,7714,125,31,76155470,36.619,0,0,76155470,36.619,"2021-04-26"
"12.261.588/0001-16","2021-01-01",1,104740,3,0,0,0,0,0,0,0,0,"2010-05-31"
"12.300.288/0001-07","2021-01-01",7,109054,0,10,2,0,0,0,0,0,0,"2021-04-28"
"12.320.349/0001-90","2021-01-01",1,104890,1,1,0,826755,100,0,100,826755,100,"2018-07-30"
"12.420.164/0001-57","2021-01-01",11,109556,190,6,112,115680492,40.43,0,0,115680492,40.43,"2021-08-13"
"12.489.315/0001-23","2021-01-01",1,105086,0,2,0,0,0,0,0,0,0,"2021-04-26"
"12.528.708/0001-07","2021-01-01",4,108688,86676,279,270,218058827,28.459279,0,0,218058827,28.459279,"2021-05-21"
"12.648.266/0001-24","2021-01-01",5,108984,26391,242,305,43853759,38.82,0,0,43853759,38.82,"2021-09-17"
"12.648.327/0001-53","2021-01-01",8,110912,9918,150,332,760109566,99.964087,0,0,760109566,99.964087,"2021-04-30"
"12.919.786/0001-24","2021-01-01",1,105185,0,1,0,0,0,0,0,0,0,"2020-07-24"
"12.979.898/0001-70","2021-01-01",3,107440,3,1,0,3007777,100,0,0,3007777,100,"2021-04-30"
"13.009.717/0001-46","2021-01-01",9,111031,3025,326,18,485708,6.36,1063110,13.91,1548818,10.13,"2021-04-13"
"13.017.462/0001-63","2021-01-01",3,110907,0,1,0,0,0,0,0,0,0,"2021-04-29"
"13.217.485/0001-11","2021-01-01",3,110305,47411,193,488,95476716,39.29,0,0,95476716,39.29,"2021-04-30"
"13.270.520/0001-66","2021-01-01",10,110880,905,13,81,155886379,20.3,0,0,155886379,20.3,"2021-11-18"
"13.349.677/0001-81","2021-01-01",2,109301,2,1,0,0,0,0,0,0,0,"2020-04-30"
"13.444.994/0001-87","2021-01-01",4,110455,56,49,38,1360526,46.91,0,0,1360526,46.91,"2020-07-31"
"13.457.942/0001-45","2021-01-01",2,109032,0,2,0,0,0,0,0,0,0,"2021-04-30"
"13.483.537/0001-00","2021-01-01",1,104989,0,2,0,0,0,0,0,0,0,"2011-04-06"
"13.574.594/0001-96","2021-01-01",7,110451,29857,137,392,272245759,98.870664,0,0,272245759,98.870664,"2021-04-29"
"13.584.310/0001-42","2021-01-01",1,105633,2,0,0,1e+06,1,0,0,1e+06,100,"2020-11-30"
"13.783.221/0004-78","2021-01-01",3,110490,7,1,0,0,0,0,0,0,0,"2021-11-29"
"14.110.585/0001-07","2021-01-01",10,109719,33,0,7,548153725,68.2063,0,0,548153725,68.2063,"2021-04-30"
"14.127.813/0001-51","2021-01-01",8,110974,38,1,10,42897889,85.412,0,0,42897889,85.412,"2021-05-07"
"14.308.514/0001-13","2021-01-01",1,105562,87,10,0,27699,21.983333,6880,21.919205,34579,21.940544,"2020-04-29"
"14.333.683/0001-03","2021-01-01",1,104818,0,1,0,0,0,0,0,0,0,"2018-03-02"
"14.388.334/0001-99","2021-01-01",4,108953,18,1,0,0,0,0,0,0,0,"2021-04-30"
"14.776.142/0001-50","2021-01-01",7,110804,7302,138,207,108526910,98.618648,0,0,108526910,98.618648,"2021-04-30"
"14.785.152/0001-51","2021-01-01",9,110985,490,78,78,25797246,25,0,0,25797246,25,"2021-06-30"
"14.807.945/0001-24","2021-01-01",1,105420,1962,59,0,2657920,34.45,5058480,65.55,7716400,100,"2021-04-26"
"14.876.090/0001-93","2021-01-01",10,108177,1,1,0,1190148,100,0,0,1190148,100,"2020-12-14"
"14.882.295/0001-81","2021-01-01",4,108761,0,5,0,33934772,24.48,0,0,33934772,24.48,"2021-09-09"
"14.998.371/0001-19","2021-01-01",2,110409,30,6,0,10674856,100,8692854,100,19367710,100,"2019-12-30"
"15.073.274/0001-88","2021-01-01",1,105478,0,0,8,0,0,2814666,100,2814666,100,"2020-03-18"
"15.101.405/0001-93","2021-01-01",1,103043,276,19,2,2106,26.95,14716,95.94,16822,72.66,"2019-04-25"
"15.115.504/0001-24","2021-01-01",1,105219,4127,174,50,10158398,35,18860349,65,29018747,100,"2020-04-29"
"15.139.629/0001-94","2021-01-01",12,110625,2377,160,141,2452754,1.61,305402,0.28,2758156,1.05,"2021-04-08"
"15.141.799/0001-03","2021-01-01",3,111026,24036,318,72,312688,1.062119,40165900,68.216542,40478588,45.831735,"2021-04-20"
"15.144.017/0001-90","2021-01-01",3,106577,948,23,3,1646938,42.889,1123016,29.245,2769954,48.88,"2021-03-30"
"15.229.110/0001-05","2021-01-01",1,105008,2,0,0,0,0,0,0,0,0,"2012-07-03"
"15.377.572/0001-61","2021-01-01",1,105239,1,1,0,0,0,0,0,0,0,"2015-06-09"
"15.413.826/0001-50","2021-01-01",4,110917,1,2,0,421,0.07,0,0,421,0.07,"2021-04-30"
"15.484.093/0001-44","2021-01-01",13,110744,0,1,0,0,0,0,0,0,0,"2021-04-27"
"15.494.541/0001-90","2021-01-01",1,105579,0,2,0,4200,100,0,0,4200,100,"2021-04-30"
"15.527.906/0001-36","2021-01-01",1,97977,4854,15,32,61163399,5.993888,0,0,61163399,5.993888,"2020-09-02"
"15.527.906/0001-36","2021-03-31",6,106535,0,1,0,0,0,0,0,0,0,"2021-05-25"
"15.578.569/0001-06","2021-01-01",8,110673,0,2,0,3033541675,100,0,0,3033541675,100,"2017-12-07"
"15.688.041/0001-90","2021-01-01",1,105259,1,1,0,180000,100,0,0,180000,100,"2016-04-30"
"16.233.389/0001-55","2021-01-01",3,106800,8,2,0,0,0,2197442,9.71,2197442,9.71,"2021-04-07"
"16.234.171/0001-15","2021-01-01",3,108940,115,135,250,97768099,33.22,196571002,66.78,294339101,100,"2021-04-27"
"16.404.287/0001-55","2021-01-01",5,110156,61186,656,2037,726779281,53.390048,0,0,726779281,53.390048,"2021-04-27"
"16.590.234/0001-76","2021-01-01",4,110574,33334,178,421,53951069,54.150661,0,0,53951069,54.150661,"2021-04-29"
"16.614.075/0001-00","2021-01-01",3,109273,35729,362,290,75384053,50.256035,0,0,75384053,50.256035,"2021-04-29"
"16.670.085/0001-55","2021-01-01",8,109035,36546,1263,799,593944309,78.308558,0,0,593944309,78.308558,"2021-04-27"
"16.676.520/0001-59","2021-01-01",10,110566,5100,64,166,108296472,28.325405,0,0,108296472,28.325405,"2021-10-29"
"16.811.931/0001-00","2021-01-01",4,110453,353,6,46,4502452,20.086,0,0,4502452,20.086,"2021-04-29"
"16.922.038/0001-51","2021-01-01",10,110751,19433,400,400,158821493,79.630527,0,0,158821493,79.630527,"2021-05-12"
"17.155.730/0001-64","2021-01-01",5,110608,201266,2118,1724,277516331,49.03,1114214662,98.84,1391730993,82.19,"2021-04-30"
"17.159.229/0001-76","2021-01-01",4,109065,6,0,0,0,0,0,0,0,0,"2021-07-19"
"17.161.241/0001-15","2021-01-01",1,103287,983,173,0,1603,7.15,3879,17.3,5482,12.22,"2021-04-23"
"17.162.082/0001-73","2021-01-01",1,104557,3531,41,21,17673,0.171426,313613,3.042014,331286,3.21344,"2020-04-30"
"17.167.396/0001-69","2021-01-01",1,105233,14355,2425,7,3211758,6.980317,17661752,45.672255,20873510,24.64921,"2021-03-31"
"17.167.412/0001-13","2021-01-01",3,106039,4226,450,13,5959590,10.146354,19006438,42.994875,24966028,24.252388,"2021-03-31"
"17.184.037/0001-10","2021-01-01",12,110762,7511,808,15,21831344,33.51,28180436,71.03,50011780,47.71,"2021-04-20"
"17.193.806/0001-46","2021-01-01",1,105232,11864,1824,7,3839009,9.50369,11193821,33.664153,15032830,20.412176,"2021-03-31"
"17.234.244/0001-31","2021-01-01",2,109272,0,2,0,550871212,100,0,0,550871212,100,"2021-03-23"
"17.245.234/0001-00","2021-01-01",1,104910,2211,28,4,2067155,36.22,3767987,87.77,5835142,58.35,"2021-04-30"
"17.281.106/0001-03","2021-01-01",12,110978,70572,895,130,188444559,49.557669,0,0,188444559,49.557669,"2021-04-30"
"17.314.329/0001-20","2021-01-01",11,110845,44088,1,390,264997832,92.537021,0,0,264997832,92.537021,"2021-11-30"
"17.344.597/0001-94","2021-01-01",11,109920,326557,2855,1173,671629692,33.581,0,0,671629692,33.581,"2021-04-29"
"17.943.792/0001-30","2021-01-01",2,110131,4,0,0,0,0,0,0,0,0,"2021-08-30"
"18.174.270/0001-84","2021-01-01",9,108553,1,0,1,41502370,31.42,0,0,41502370,31.42,"2021-05-25"
"18.328.118/0001-09","2021-01-01",11,110649,84573,314,1101,301553522,69.313,0,0,301553522,69.313,"2021-11-23"
"18.483.666/0001-03","2021-01-01",5,108468,1,1,0,4963200,5.6,0,0,4963200,5.6,"2021-06-21"
"18.494.485/0001-82","2021-01-01",1,105102,0,1,0,0,0,0,0,0,0,"2021-04-30"
"18.572.225/0001-88","2021-01-01",1,105428,0,1,0,3.8e+08,100,0,0,3.8e+08,100,"2018-09-27"
"18.593.815/0001-97","2021-01-01",5,110847,18933,169,47,38091055,98.35,0,0,38091055,98.35,"2021-04-30"
"18.903.785/0001-78","2021-01-01",1,108755,0,2,0,0,0,0,0,0,0,"2021-09-23"
"19.208.022/0001-70","2021-01-01",13,110616,0,1,0,0,0,0,0,0,0,"2021-04-27"
"19.276.528/0001-16","2021-01-01",2,109152,0,1,0,0,0,0,0,0,0,"2020-05-22"
"19.296.342/0001-29","2021-01-01",3,109093,0,3,0,0,0,0,0,0,0,"2021-04-30"
"19.378.769/0001-76","2021-01-01",3,108347,16772,151,210,41617930,31.775,0,0,41617930,31.775,"2021-04-30"
"19.403.252/0001-90","2021-01-01",6,108955,7,0,0,0,0,0,0,0,0,"2021-07-31"
"19.521.322/0001-04","2021-01-01",2,106085,0,1,0,0,0,0,0,0,0,"2017-09-01"
"19.526.748/0001-50","2021-01-01",1,104905,152,6,0,44070,30.5621,217,19.5672,44287,30.4782,"2020-06-17"
"19.527.586/0001-75","2021-01-01",1,105339,0,3,0,0,0,0,0,0,0,"2021-04-30"
"19.527.639/0001-58","2021-01-01",3,110897,0,1,0,0,0,0,0,0,0,"2021-04-29"
"19.642.306/0001-70","2021-01-01",1,105305,0,1,0,0,0,0,0,0,0,"2021-04-05"
"19.726.048/0001-00","2021-01-01",4,108650,0,1,0,0,0,0,0,0,0,"2021-04-28"
"19.796.586/0001-70","2021-01-01",4,109113,11,0,1,96163268,21.41,0,0,96163268,21.41,"2021-05-31"
"19.851.496/0001-35","2021-01-01",1,104807,1,1,0,0,0,0,0,0,0,"2014-03-25"
"19.853.511/0001-84","2021-01-01",5,110327,21912,2030,0,592114608,96.241,0,0,592114608,96.241,"2021-04-26"
"20.247.322/0001-47","2021-01-01",9,108588,6,0,2,30318710,32.53,0,0,30318710,32.53,"2021-04-08"
"20.258.278/0001-70","2021-01-01",3,108254,7742,130,15,23582833,43.71,0,0,23582833,43.71,"2021-04-09"
"20.451.953/0001-83","2021-01-01",3,106697,0,1,0,501000,100,0,0,501000,100,"2019-12-16"
"20.646.442/0001-17","2021-01-01",1,104688,1,1,0,0,0,0,0,0,0,"2020-07-30"
"21.110.778/0001-23","2021-01-01",2,110513,12,1,0,405462,0.24,810924,0.48,1216386,0.36,"2021-03-31"
"21.240.146/0001-84","2021-01-01",5,106642,20,0,8,63417143,37.01,0,0,63417143,37.01,"2021-06-18"
"21.254.073/0001-80","2021-01-01",1,110887,600,5,0,9116000,100,0,0,9116000,100,"2021-05-03"
"21.255.567/0001-89","2021-01-01",2,110569,6100,1,1,3420580,8.99,20503614,27.99,23924194,21.5,"2021-04-30"
"21.262.638/0001-70","2021-01-01",1,104858,0,4,0,0,0,0,0,0,0,"2019-12-03"
"21.314.559/0001-66","2021-01-01",9,110811,0,421,313,133440549,44.6,0,0,133440549,44.6,"2021-04-28"
"21.389.501/0001-81","2021-01-01",5,109676,1,2,18,0,0,85702404,99.999999,85702404,11.999943,"2021-10-29"
"21.414.457/0001-12","2021-01-01",2,109345,0,1,0,0,0,0,0,0,0,"2020-02-11"
"21.610.416/0001-00","2021-01-01",1,105037,2,0,0,0,0,0,0,0,0,"2014-10-29"
"21.948.105/0001-47","2021-01-01",1,105489,0,1,1,0,0,0,0,0,0,"2018-06-01"
"21.976.484/0001-89","2021-01-01",1,104862,1,1,0,0,0,0,0,0,0,"2019-02-19"
"21.976.510/0001-79","2021-01-01",1,105492,0,1,1,0,0,0,0,0,0,"2018-06-01"
"22.163.297/0001-49","2021-01-01",8,110615,0,1,0,0,0,0,0,0,0,"2021-04-27"
"22.266.175/0001-88","2021-01-01",1,105201,1829,51,0,15626962,29.015504,0,0,15626962,29.015504,"2018-04-26"
"22.495.265/0001-40","2021-01-01",1,105159,2,0,0,0,0,0,0,0,0,"2015-04-15"
"22.543.331/0001-00","2021-01-01",7,110505,107950,1328,4,517500000,17.25,0,0,517500000,17.25,"2021-04-26"
"22.677.520/0001-76","2021-01-01",1,104770,2454,1501,2,300523,2.16,14357603,85.85,14658126,47.85,"2021-04-30"
"23.096.269/0001-19","2021-01-01",4,110839,0,2,0,2338108737,33.33,0,0,2338108737,33.33,"2020-07-29"
"23.236.821/0001-27","2021-01-01",1,105482,4,1,0,0,0,0,0,0,0,"2021-04-30"
"23.373.000/0001-32","2021-01-01",9,110813,0,1,74,266313930,27.26,0,0,266313930,27.26,"2021-08-13"
"23.438.929/0001-00","2021-01-01",3,109107,10,1,1,0,0,0,0,0,0,"2020-09-15"
"24.230.275/0001-80","2021-01-01",7,110981,6149,101,0,66384300,32.501,0,0,66384300,32.501,"2021-04-27"
"24.241.659/0001-06","2021-12-31",1,107941,3,0,0,0,0,0,0,0,0,"2021-04-27"
"24.396.489/0001-20","2021-01-01",4,108661,0,0,2,793889719,30,0,0,793889719,30,"2020-09-30"
"24.410.913/0001-44","2021-01-01",2,110651,4174,34,78,385491858,25.568,2805948474,99.792,3191440332,73.884,"2021-11-17"
"24.624.490/0001-65","2021-01-01",1,105454,0,1,0,5e+08,100,0,0,5e+08,100,"2018-03-01"
"24.624.551/0001-94","2021-01-01",1,105447,0,2,1,0,0,0,0,0,0,"2019-02-27"
"24.921.465/0001-43","2021-01-01",3,110330,4,1,4,0,0,0,0,0,0,"2021-09-01"
"24.962.466/0001-36","2021-01-01",1,105682,1,5,0,1107698070,93.12986,81714293,6.87014,1189412363,100,"2019-04-25"
"24.990.777/0001-09","2021-01-01",3,108253,66886,340,335,463952163,21,0,0,463952163,21,"2021-04-30"
"25.005.683/0001-09","2021-01-01",5,108594,2,1,0,0,0,0,0,0,0,"2018-10-05"
"25.089.509/0001-83","2021-01-01",3,110185,0,2,0,0,0,5,0.001,5,0.001,"2020-04-29"
"25.249.439/0001-83","2021-01-01",5,108190,9,0,3,0,0,0,0,0,0,"2021-03-23"
"25.369.840/0001-57","2021-01-01",6,110427,74,5,0,26919159,26.919159,0,0,26919159,26.919159,"2021-11-18"
"26.345.998/0001-50","2021-01-01",7,110501,9090,117,127,86248954,30.623054,0,0,86248954,30.623054,"2021-10-31"
"26.462.693/0001-28","2021-01-01",7,110611,28148713,93452280,93027659,93139429,43.396,0,0,93139429,43.396,"2020-08-31"
"26.609.050/0001-64","2021-01-01",1,105181,1,1,0,0,0,0,0,0,0,"2019-04-29"
"26.659.061/0001-59","2021-01-01",7,110741,16107,434,434,161437857,66.099242,0,0,161437857,66.099242,"2021-04-30"
"26.664.057/0001-89","2021-01-01",3,108781,0,1,0,580628065,100,0,0,580628065,100,"2018-03-08"
"26.735.020/0001-02","2021-01-01",9,109324,5733,35,76,42684181,47.609446,0,0,42684181,47.609446,"2021-04-30"
"26.845.702/0001-60","2021-01-01",1,105604,0,1,0,0,0,0,0,0,0,"2018-02-01"
"27.093.558/0001-15","2021-01-01",4,110418,18087,148,185,113954358,45.1897,0,0,113954358,45.1897,"2021-04-29"
"27.137.879/0001-74","2021-01-01",1,104887,2,1,0,0,0,0,0,0,0,"2017-02-03"
"27.157.474/0001-06","2021-01-01",2,106385,0,1,0,0,0,0,0,0,0,"2021-04-29"
"27.956.690/0001-03","2021-01-01",3,108507,4,1,0,0,0,0,0,0,0,"2020-12-31"
"27.967.244/0001-02","2021-01-01",1,105610,0,1,0,0,0,0,0,0,0,"2018-01-31"
"28.019.100/0001-89","2021-01-01",2,108898,0,1,0,0,0,0,0,0,0,"2019-03-11"
"28.127.603/0001-78","2021-01-01",8,109309,21034,55,9,12193731,5.277173,2462100,2.901803,14655831,4.639201,"2021-04-30"
"28.152.650/0001-71","2021-01-01",5,110932,0,1,0,5876012,100,0,0,5876012,100,"2020-04-30"
"28.195.667/0001-06","2021-01-01",5,108972,55327,523,251,0,0,68627529,60.924,68627529,30.354,"2021-04-30"
"28.201.130/0001-01","2021-01-01",3,110913,0,2,0,0,0,0,0,0,0,"2021-04-28"
"28.442.718/0001-57","2021-01-01",1,105480,0,1,0,0,0,0,0,0,0,"2021-04-09"
"28.925.264/0001-75","2021-01-01",2,109269,0,2,0,0,0,0,0,0,0,"2019-04-29"
"28.942.127/0001-49","2021-01-01",2,109270,0,2,0,0,0,0,0,0,0,"2021-04-01"
"29.088.092/0001-95","2021-01-01",2,106365,1,1,0,0,0,0,0,0,0,"2020-05-13"
"29.780.061/0001-09","2021-01-01",2,107553,4575,263,33,24946928,43.207631,0,0,24946928,43.207631,"2021-08-10"
"29.894.663/0001-89","2021-01-01",2,107226,0,2,0,17100,100,0,0,17100,100,"2020-12-22"
"29.950.060/0001-57","2021-01-01",3,106286,3,1,0,0,0,0,0,0,0,"2021-06-23"
"29.978.814/0001-87","2021-01-01",6,110326,67533,344,1203,284771028,44.471741,569542107,89.383083,854313135,66.872057,"2021-03-29"
"30.213.493/0001-09","2021-01-01",5,108506,0,1,1,0,0,0,0,0,0,"2020-11-09"
"30.219.233/0001-40","2021-01-01",1,104892,0,2,0,0,0,0,0,0,0,"2018-04-04"
"30.306.294/0001-45","2021-01-01",10,110473,70579,2255,693,1301655996,17.992,2603700772,91.51508,3905356768,34.0277,"2021-04-09"
"30.418.658/0001-89","2021-01-01",1,105017,0,2,0,0,0,0,0,0,0,"2018-04-05"
"30.540.991/0001-66","2021-01-01",3,106479,4776,32,0,1081936,27.275695,7931437,99.9761,9013373,75.74263,"2021-01-04"
"30.545.324/0001-76","2021-12-31",1,105179,0,2,0,0,0,0,0,0,0,"2020-07-13"
"30.723.886/0001-62","2021-01-01",6,110401,30,6,1,86565469,20.982,219030933,75.105,305596402,43.396,"2021-04-21"
"30.788.149/0001-48","2021-01-01",1,104985,3,0,0,0,0,0,0,0,0,"2020-04-30"
"31.001.230/0001-07","2021-01-01",2,109028,0,1,0,0,0,0,0,0,0,"2018-12-26"
"31.468.139/0001-98","2021-01-01",1,104692,1,1,0,20000,100,0,0,20000,100,"2021-05-11"
"31.553.627/0001-01","2021-01-01",7,110980,3898,31,118,44444445,41.74,0,0,44444445,41.74,"2021-04-30"
"31.701.408/0001-14","2021-01-01",5,110726,190,9,1,20285477,4.825454,0,0,20285477,4.825454,"2021-11-30"
"31.748.174/0001-60","2021-01-01",2,110493,13,3,2,0,0,0,0,0,0,"2021-09-28"
"31.907.982/0001-23","2021-01-01",2,110321,2,0,0,0,0,0,0,0,0,"2020-06-02"
"32.161.500/0001-00","2021-01-01",1,105169,0,1,0,0,0,0,0,0,0,"2021-04-05"
"32.372.085/0001-25","2021-01-01",1,105355,2,0,0,0,0,0,0,0,0,"2018-11-14"
"32.681.371/0001-72","2021-01-01",3,110107,1,1,1,9011241,10.638,0,0,9011241,10.638,"2021-10-21"
"32.770.457/0001-71","2021-01-01",1,105002,0,2,0,0,0,0,0,0,0,"2019-01-29"
"32.785.497/0001-97","2021-01-01",8,110424,61617,540,1694,844296775,61.204964,0,0,844296775,61.204964,"2021-04-16"
"32.803.503/0001-91","2021-01-01",2,107546,5,0,3,35452634,32.686,0,0,35452634,32.686,"2020-10-30"
"33.000.167/0001-01","2021-01-01",19,111019,719683,6665,2693,3684060179,49.502,4566442248,81.5149,8250502427,63.2503,"2021-11-30"
"33.014.556/0001-96","2021-01-01",6,110289,120762,1887,818,246443270,37.378915,853524256,69.749692,1099967526,58.415477,"2021-06-10"
"33.035.536/0001-00","2021-01-01",1,105210,4367,31,2,6557469,6.2331,0,0,6557469,6.2331,"2021-04-30"
"33.040.601/0001-87","2021-01-01",1,105605,971,111,1,504851,4.96,2016782,25.76,2521633,14,"2021-04-23"
"33.041.260/0652-90","2021-01-01",9,111024,495369,4709,1685,1596295753,99.866737,0,0,1596295753,99.866737,"2021-04-27"
"33.042.730/0001-04","2021-01-01",6,110754,73158,1782,1782,642398790,4.6298,0,0,642398790,4.6298,"2021-04-30"
"33.050.071/0001-58","2021-01-01",8,110976,889,44,6,442934,0.265812,0,0,442934,0.265812,"2021-04-20"
"33.050.196/0001-88","2021-01-01",2,109136,0,1,0,0,0,0,0,0,0,"2021-04-29"
"33.102.476/0001-92","2021-01-01",4,110764,260,9,12,270725,2.21,0,0,270725,2.21,"2021-04-30"
"33.111.246/0001-90","2021-01-01",1,105779,0,0,0,0,0,0,0,0,0,""
"33.113.309/0001-47","2021-01-01",3,109099,31085,440,77,78269230,100,0,0,78269230,95.368418,"2021-04-29"
"33.130.691/0001-05","2021-01-01",2,108842,1,1,0,0,0,0,0,0,0,"2021-06-24"
"33.200.049/0001-47","2021-01-01",1,104551,1929,60,12,193004,1.842007,2369881,30.019416,2562885,13.949639,"2021-04-30"
"33.228.024/0001-51","2021-01-01",2,111039,4336,25,19,810490,4.891,4690765,23.639,5501255,15.107,"2021-04-30"
"33.256.439/0001-39","2021-01-01",6,110766,33534,805,1483,1085952374,97.385427,0,0,1085952374,97.385427,"2021-04-14"
"33.352.394/0001-04","2021-01-01",4,110519,691,5,0,2450,4e-04,0,0,2450,4e-04,"2014-04-30"
"33.376.989/0001-91","2021-01-01",8,110162,285499,1380,652,1255286531,99.006,0,0,1255286531,99.006,"2021-04-30"
"33.386.210/0001-19","2021-01-01",2,105721,695,18,3,20565,2.4,863346,53.9,883911,35.96,"2021-04-30"
"33.412.081/0001-96","2021-01-01",3,108465,5825,33,1,23650947,34.939249,0,0,23650947,34.939249,"2021-04-30"
"33.453.598/0001-23","2021-03-31",2,105411,0,2,0,0,0,0,0,0,0,"2019-09-05"
"33.467.572/0001-34","2021-01-01",1,105085,490,3,8,29133,1.835611,274280,20.157139,303413,10.292828,"2021-04-28"
"33.541.368/0001-16","2021-01-01",7,110308,200,87,18,0,0,34494,1.966799,34494,0.061701,"2012-12-28"
"33.572.408/0001-97","2021-01-01",2,110823,0,1,0,0,0,0,0,0,0,"2021-11-11"
"33.592.510/0001-54","2021-01-01",13,110688,291684,2625,2254,4891940489,95.31,0,0,4891940489,95.31,"2021-04-30"
"33.611.500/0001-19","2021-01-01",9,111040,116911,1008,1645,14031044,2.446,1097534498,95.768,1111565542,64.639,"2021-04-23"
"33.679.797/0001-54","2021-01-01",1,105154,0,1,0,0,0,0,0,0,0,"2019-12-12"
"33.839.910/0001-11","2021-01-01",7,110414,52506,85,383,99446859,42.103217,0,0,99446859,42.103217,"2021-04-30"
"33.938.119/0001-69","2021-01-01",3,108132,178,6,6,429621,0.18,0,0,429621,0.18,"2021-04-30"
"33.958.695/0001-78","2021-01-01",10,110267,31588,330,246,7157441,7.579396,46145205,48.865616,53302646,56.445012,"2021-04-16"
"34.169.557/0001-72","2021-01-01",2,105820,2079,361,2,83579,2.03,324894,45.75,408473,8.47,"2021-04-23"
"34.274.233/0001-02","2021-01-01",11,109528,60890,310,845,1131883365,97.15737,0,0,1131883365,97.15737,"2021-04-15"
"34.469.625/0001-19","2021-01-01",1,105042,2,0,0,0,0,0,0,0,100,"2020-07-22"
"34.591.574/0001-01","2021-01-01",1,108198,3,0,0,0,0,0,0,0,0,"2020-12-15"
"35.082.277/0001-95","2021-01-01",3,109347,2,0,0,0,0,0,0,0,0,"2019-08-26"
"35.502.310/0001-99","2021-01-01",2,110825,0,1,0,0,0,0,0,0,0,"2020-11-24"
"35.522.178/0001-87","2021-01-01",2,107190,0,2,0,0,0,0,0,0,0,"2021-09-16"
"35.522.281/0001-27","2021-01-01",2,108873,0,2,0,0,0,0,0,0,0,"2019-10-04"
"35.727.157/0001-06","2021-01-01",1,105431,4,1,0,4167897,2.08395,0,0,4167897,2.08395,"2020-08-14"
"35.791.391/0001-94","2021-01-01",3,106055,6,1,1,0,0,0,0,0,0,"2021-04-30"
"36.243.187/0001-00","2021-01-01",3,107227,0,2,0,0,0,0,0,0,0,"2019-12-13"
"36.542.025/0001-64","2021-01-01",3,107968,14,2,0,0,0,0,0,0,0,"2021-04-23"
"36.729.398/0001-49","2021-01-01",2,106578,0,2,0,0,0,0,0,0,0,"2020-01-30"
"37.368.315/0001-04","2021-01-01",1,105020,0,2,0,0,0,0,0,0,0,"2020-05-15"
"37.592.100/0001-64","2021-01-01",2,110346,2,0,0,0,0,0,0,0,0,"2020-04-13"
"37.663.076/0001-07","2021-01-01",11,110973,183097,686,383,262255471,53.292422,0,0,262255471,53.292422,"2021-04-30"
"37.702.340/0001-74","2021-01-01",3,110299,0,2,0,0,0,0,0,0,0,"2021-07-09"
"38.042.694/0001-00","2021-01-01",1,105461,1,1,0,0,0,0,0,0,0,"2020-07-03"
"38.126.888/0001-86","2021-01-01",2,109367,0,2,0,0,0,0,0,0,0,"2021-06-17"
"38.199.406/0001-18","2021-01-01",2,103151,2,0,0,0,0,0,0,0,0,"2021-04-20"
"38.307.135/0001-77","2021-01-01",5,108346,0,3,0,0,0,0,0,0,0,"2020-10-26"
"38.456.921/0001-36","2021-01-01",13,110603,6972,57,152,255947055,93.836437,0,0,255947055,93.836437,"2021-11-26"
"39.115.514/0001-28","2021-01-01",1,105684,0,1,0,0,0,0,0,0,0,"2019-04-30"
"39.346.861/0350-38","2021-01-01",2,110931,0,2,0,0,0,0,0,0,0,"2021-08-27"
"39.393.829/0001-37","2021-01-01",4,110721,0,1,0,0,0,0,0,0,0,"2021-04-27"
"40.159.947/0001-64","2021-01-01",9,110983,0,1,3,889109056,48.476,0,0,889109056,48.476,"2021-11-08"
"40.337.136/0001-06","2021-01-01",6,110675,5741,37,68,30558664,31.76,0,0,30558664,31.76,"2021-08-01"
"40.446.476/0001-75","2021-01-01",2,106621,1,1,0,0,0,0,0,0,0,"2021-05-17"
"40.760.921/0001-77","2021-01-01",2,106313,2,0,0,0,0,0,0,0,0,"2020-12-04"
"40.885.785/0001-41","2021-01-01",1,106020,0,2,0,0,0,0,0,0,0,"2021-02-12"
"40.885.785/0001-41","2021-03-31",2,110193,0,2,0,0,0,0,0,0,0,"2021-02-12"
"40.997.635/0001-20","2021-01-01",2,108854,1,1,0,0,0,0,0,0,0,"2021-04-19"
"41.335.131/0001-07","2021-01-01",1,106013,0,2,0,0,0,0,0,0,0,"2021-04-08"
"41.335.131/0001-07","2021-04-01",2,110302,0,2,0,0,0,0,0,0,0,"2021-04-08"
"41.508.382/0001-46","2021-07-01",2,110200,0,2,0,0,0,0,0,0,0,"2021-07-22"
"41.534.746/0001-62","2021-05-01",1,103160,0,2,0,0,0,0,0,0,0,"2021-03-30"
"41.534.746/0001-62","2021-07-01",2,108858,0,2,0,0,0,0,0,0,0,"2021-03-30"
"41.534.746/0001-62","2021-09-01",1,108380,0,2,0,0,0,0,0,0,0,"2021-03-30"
"41.811.375/0001-19","2021-03-31",1,106126,2,0,0,0,0,0,0,0,0,"2021-08-09"
"41.811.375/0001-19","2021-06-01",3,108901,0,1,0,0,0,0,0,0,0,"2021-10-04"
"42.150.391/0001-70","2021-01-01",6,110484,42355,3277,383,12907077,2.858,265142526,76.731,278049603,34.877,"2021-04-13"
"42.233.757/0001-75","2021-01-01",1,106319,1,1,0,0,0,0,0,0,0,"2021-07-02"
"42.278.291/0001-24","2021-01-01",4,110325,20098,441,136,100881561,95.31,0,0,100881561,95.31,"2021-04-20"
"42.278.473/0001-03","2021-01-01",5,110840,87391,466,122,77540728,48.491,0,0,77540728,48.491,"2021-04-15"
"42.331.462/0001-31","2021-01-01",1,105176,879,11,0,1923293,12.94225,0,0,1923293,12.94225,"2021-04-30"
"42.500.384/0001-51","2021-07-01",1,108772,0,0,2,0,0,0,0,0,0,"2021-09-24"
"42.500.384/0001-51","2021-10-01",2,110571,0,0,2,0,0,0,0,0,0,"2021-10-28"
"42.603.513/0001-37","2021-01-01",2,110863,0,2,0,0,0,0,0,0,0,"2021-05-04"
"42.771.949/0001-35","2021-01-01",12,109422,12213,100,132,54141659,45.77,0,0,54141659,45.77,"2021-10-27"
"42.938.083/0001-04","2021-09-01",2,110756,0,2,0,0,0,0,0,0,0,"2021-08-05"
"43.185.362/0001-07","2021-01-01",1,105340,1834,19,0,6048758,48,0,0,6048758,48,"2020-07-31"
"43.283.811/0001-50","2021-01-01",1,105333,2,0,0,0,0,0,0,0,0,"2021-01-29"
"43.470.988/0001-65","2021-01-01",2,108263,17742,116,350,199399963,94.1,0,0,199399963,94.1,"2021-04-28"
"43.776.517/0001-80","2021-01-01",7,110583,42911,1683,118,340001934,49.74353,0,0,340001934,49.74353,"2021-04-29"
"43.948.405/0001-69","2021-01-01",2,110851,58,4,0,0,0,0,0,0,0,"2021-09-21"
"45.242.914/0001-05","2021-01-01",5,111014,28823,143,412,106394635,34.516249,0,0,106394635,34.516249,"2021-04-30"
"45.365.558/0001-09","2021-01-01",8,109110,4,3,134,50695515,35.44,0,0,50695515,35.44,"2021-08-16"
"45.453.214/0001-51","2021-01-01",2,106228,14927,111,78,87499778,70.671042,0,0,87499778,70.671042,"2021-04-28"
"45.987.245/0001-92","2021-01-01",6,110748,1176,52,36,5680227,36.811303,0,0,5680227,36.811303,"2021-12-06"
"46.119.855/0001-37","2021-01-01",5,109278,10,4,0,0,0,0,0,0,0,"2019-04-26"
"47.508.411/0001-56","2021-01-01",8,110736,60012,425,902,156946474,58.485,0,0,156946474,58.485,"2021-04-28"
"47.509.120/0001-82","2021-01-01",3,105963,0,1,0,0,0,0,0,0,0,"2021-04-28"
"47.960.950/0001-21","2021-01-01",8,111003,579661,2405,924,2896234638,42.914003,0,0,2896234638,42.914003,"2021-08-26"
"49.263.189/0001-02","2021-01-01",2,106461,38060,280,41,65306596,48.790492,0,0,65306596,48.790492,"2021-07-06"
"49.669.856/0001-43","2021-01-01",7,110984,5017,126,0,38348692,55.7,0,0,38348692,55.7,"2020-04-13"
"50.564.053/0001-03","2021-01-01",6,110442,8295,38,26,0,0,71002962,57.775587,71002962,27.255392,"2021-04-30"
"50.746.577/0001-15","2021-01-01",5,110270,77611,1915,1517,1169237744,62.390261,0,0,1169237744,62.390261,"2021-04-30"
"50.926.955/0001-42","2021-01-01",3,110735,21370,88,203,73766391,30.02,0,0,73766391,30.02,"2021-04-23"
"51.128.999/0001-90","2021-01-01",1,105053,214,5,1,32134,25.115676,0,0,32134,25.115676,"2021-04-30"
"51.218.147/0001-93","2021-01-01",3,110470,43946,1064,0,85748277,48.5519,0,0,85748277,48.5519,"2021-05-10"
"51.466.860/0001-56","2021-03-31",5,107401,12495,197,367,143032073,40.4032,0,0,143032073,40.4032,"2020-07-31"
"51.928.174/0001-50","2021-01-01",2,105255,1515,18,0,4970927,40,0,0,4970927,40,"2021-04-30"
"52.123.916/0001-32","2021-01-01",2,110336,6,1,0,0,0,0,0,0,0,"2021-10-28"
"52.548.435/0001-79","2021-01-01",3,110799,0,12,3,63399039,22.13,0,0,63399039,22.13,"2021-04-29"
"53.113.791/0001-22","2021-01-01",6,108865,65401,480,1191,519851955,84.23,0,0,519851955,84.23,"2021-04-20"
"56.444.250/0001-75","2021-01-01",2,109095,3,1,0,2327,100,0,0,2327,100,"2020-06-12"
"56.643.018/0001-66","2021-01-01",2,106529,6243,41,142,12801118,40.95,56134521,91.48,68935639,74.43,"2021-04-30"
"56.720.428/0001-63","2021-01-01",4,109403,36588,97,235,37272660,50.8,0,0,37272660,50.8,"2021-03-16"
"56.992.423/0001-90","2021-01-01",5,109021,458,20,4,136990,30.124,0,0,136990,30.124,"2021-04-30"
"58.119.199/0001-51","2021-01-01",4,110645,64938,262,557,257081661,48.38,0,0,257081661,48.38,"2021-04-05"
"58.430.828/0001-60","2021-01-01",17,108998,2263,19,209,31393939,17.5,0,0,31393939,17.5,"2021-04-15"
"59.105.999/0001-86","2021-01-01",5,110905,2896700,94,12,8197233,0.8,20503796,4.32,28701029,1.91,"2021-04-28"
"59.285.411/0001-13","2021-01-01",16,108922,51571,622,125,2,0,341124068,62.30628,341124070,28.307733,"2021-04-29"
"59.418.806/0001-47","2021-01-01",5,110422,6208,11,112,0,0,54241204,75.34,54241204,5.71,"2021-05-18"
"59.717.553/0001-02","2021-01-01",6,109062,4,1,0,172313238,21,0,0,172313238,21,"2021-05-11"
"59.789.545/0001-71","2021-01-01",2,108848,5,2,0,0,0,0,0,0,0,"2021-04-30"
"59.981.829/0001-65","2021-01-01",4,108549,8,1,0,0,0,0,0,0,0,"2021-04-08"
"60.398.369/0004-79","2021-01-01",5,110805,18545,201,26,43403849,99.9965,0,0,43403849,99.9965,"2021-08-20"
"60.444.437/0001-46","2021-01-01",19,111008,0,1,0,0,0,0,0,0,0,"2021-04-29"
"60.476.884/0001-87","2021-01-01",1,105160,66061,291,145,38492518,30,0,0,38492518,30,"2021-04-29"
"60.500.139/0001-26","2021-01-01",2,108752,13825,32,24,7456006,37.2666,24461094,94.5518,31917100,69.5699,"2020-07-20"
"60.537.263/0001-66","2021-01-01",3,110357,5251,40,49,98848435,47.243521,0,0,98848435,47.243521,"2021-11-10"
"60.543.816/0001-93","2021-01-01",6,110904,54904,1172,63,233872430,20.769353,360027960,31.972763,593900390,52.742115,"2021-11-22"
"60.637.238/0001-54","2021-01-01",13,111022,2915,31,19,6692264,100,13384380,100,20076644,100,"2021-04-30"
"60.651.809/0001-05","2021-01-01",1,105541,23,2,0,0,0,0,0,0,0,"2021-04-30"
"60.730.348/0001-66","2021-01-01",3,110821,254,22,3,329814,5.87,425497,55.02,755311,11.8,"2021-04-30"
"60.746.948/0001-12","2021-01-01",7,109567,720919,35954,1259,1378842305,28.309616,4691427537,96.760384,6070269842,62.45725,"2021-07-30"
"60.770.336/0001-65","2021-01-01",5,108921,17409,2545,9,7201553,13.465345,12754380,36.318169,19955933,22.523478,"2021-03-31"
"60.840.055/0001-31","2021-01-01",6,109550,218590,415,728,303425821,100,0,0,303425821,100,"2021-04-30"
"60.851.615/0001-53","2021-01-01",1,105264,1024,18,17,252907,41.652,977179,98.426,1230086,76.88,"2019-04-30"
"60.872.504/0001-23","2021-01-01",11,110621,491554,11554,1222,385293206,7.770687,4780002924,98.641268,5165296130,52.684872,"2021-05-07"
"60.884.319/0001-59","2021-01-01",1,105561,333,10,0,71121,1.0741,0,0,71121,1.0741,"2017-04-27"
"60.894.730/0001-05","2021-01-01",6,110605,86567,1332,430,161021803,22.832,514746912,93.96,675768715,53.93,"2021-04-29"
"60.933.603/0001-78","2021-01-01",9,110793,38322,421,723,7050066,2.152674,189319497,57.807008,196369563,59.959683,"2021-04-30"
"61.022.042/0001-18","2021-01-01",1,105588,234,10,0,7044,5.68,45217,18.23,52261,14.04,"2020-04-24"
"61.065.298/0001-02","2021-01-01",4,110459,1335,29,10,1547,0.07,2720810,73.22,2722357,47.07,"2021-04-28"
"61.065.751/0001-80","2021-01-01",3,106500,4260,94,51,16141939,94.103783,0,0,16141939,94.103783,"2021-04-30"
"61.079.117/0001-05","2021-01-01",7,110371,17088,874,162,11390682,3.771616,167963777,58.718013,179354459,30.499232,"2021-04-22"
"61.080.313/0001-91","2021-01-01",1,103765,2539,36,0,17667940,43.836567,61974046,99.507546,79641986,77.635221,"2016-04-30"
"61.082.004/0001-50","2021-01-01",4,110814,1119,26,0,14213,5.274819,538886,99.997402,553099,68.423208,"2021-04-29"
"61.088.894/0001-08","2021-01-01",2,109315,6810,45,23,42275080,100,0,0,42275080,100,"2021-09-15"
"61.092.037/0001-81","2021-01-01",6,110874,21091,100,113,61243163,99.136546,0,0,61243163,99.136546,"2021-04-20"
"61.156.113/0001-75","2021-01-01",5,110011,59328,214,304,137561133,89.488349,0,0,137561133,89.488349,"2021-04-23"
"61.156.931/0001-78","2021-01-01",4,110462,5,1,0,1334,21.34,7832,63.44,9166,49.29,"2021-04-30"
"61.186.680/0001-74","2021-01-01",10,110856,48232,314,46,1251558,0.336,100300860,47.641,101552418,17.412,"2021-04-30"
"61.189.288/0001-89","2021-01-01",5,109643,42870,147,255,111646974,42.667,0,0,111646974,42.667,"2021-04-30"
"61.351.532/0001-68","2021-01-01",6,108240,12896,161,29,8933006,49.217663,33673269,92.763826,42606275,78.248438,"2021-05-27"
"61.374.161/0001-30","2021-01-01",1,105399,1085,17,0,247660,5.05,2241775,45.75,2489435,25.4,"2021-04-30"
"61.409.892/0001-73","2021-01-01",6,110857,7782,214,194,143721645,24.121115,0,0,143721645,24.121115,"2021-08-17"
"61.486.650/0001-83","2021-01-01",13,110816,473,12,259,58226431,10.63,0,0,58226431,10.63,"2021-05-03"
"61.532.644/0001-15","2021-01-01",4,110893,956974,4408,0,1114419005,36.727025,4736048447,81.697899,5850467452,66.246539,"2021-04-30"
"61.584.140/0001-49","2021-01-01",2,110902,7570,697,7,8975847,0.43,0,0,8975847,0.43,"2021-04-28"
"61.585.865/0001-51","2021-01-01",3,110349,61752,201,1422,1071076905,64.837911,0,0,1071076905,64.837911,"2021-04-30"
"61.695.227/0001-93","2021-01-01",3,110632,0,1,0,0,0,0,0,0,0,"2020-04-26"
"61.856.571/0001-17","2021-01-01",3,109916,5622,109,45,163435,0.16,975775,3.4,1139210,0.86,"2021-04-28"
"62.002.886/0001-60","2021-01-01",7,110995,2795,875,0,170215,1.992241,107515,1.258384,277730,3.250626,"2021-04-29"
"62.144.175/0001-20","2021-01-01",4,108361,16365,69,26,0,0,54112356,74.555544,54112356,36.52347,"2021-05-12"
"62.232.889/0001-90","2021-01-01",2,105296,5,0,0,0,0,0,0,0,0,"2020-03-05"
"62.258.884/0001-36","2021-01-01",3,108919,0,1,0,0,0,0,0,0,0,"2021-06-22"
"62.307.848/0001-15","2021-01-01",1,105183,0,2,0,0,0,0,0,0,0,"2020-04-30"
"62.984.091/0001-02","2021-01-01",7,108817,2563,30,180,77755200,20.364241,0,0,77755200,20.364241,"2021-04-30"
"64.904.295/0001-03","2021-02-28",7,106391,48921,145,135,114748945,31.013228,0,0,114748945,31.013228,"2021-06-30"
"65.654.303/0001-73","2021-01-01",4,109800,0,1,0,0,0,0,0,0,0,"2021-04-30"
"67.010.660/0001-24","2021-01-01",3,110785,1679,24,41,15049835,34.384055,0,0,15049835,34.348055,"2020-06-29"
"67.571.414/0001-41","2021-01-01",6,110515,35561,320,0,142902713,100,0,0,142902713,100,"2021-07-14"
"67.620.377/0001-14","2021-01-01",10,111032,88999,916,595,254073639,41.877912,0,0,254073639,41.877912,"2021-04-12"
"71.208.516/0001-74","2021-01-01",2,108325,531,286,0,81911749,27.76483,0,0,81911749,27.76483,"2021-04-27"
"71.476.527/0001-35","2021-01-01",13,110743,20247,589,0,96139516,92.14,0,0,96139516,92.14,"2021-04-30"
"71.673.990/0001-77","2021-01-01",3,107443,0,1,0,0,0,0,0,0,0,"2020-06-26"
"73.178.600/0001-18","2021-01-01",7,110790,90274,3622,511,281609283,70.448,0,0,281609283,70.448,"2021-04-23"
"73.903.718/0001-61","2021-01-01",1,105166,1,1,0,0,0,0,0,0,0,"2019-04-25"
"75.315.333/0001-09","2021-01-01",5,108767,20188,462,677,410988561,20.701664,0,0,410988561,20.701664,"2021-04-13"
"75.609.123/0001-23","2021-01-01",5,110521,0,1,1,0,0,0,0,0,0,"2021-04-30"
"76.483.817/0001-20","2021-01-01",7,110896,84214,1051,307,319774264,30.336511,1566493506,93.107143,1886267770,68.928584,"2021-04-28"
"76.484.013/0001-45","2021-01-01",4,108193,388901,1826,548,201076373,39.9171,1007468757,99.9999,1208545130,79.9723,"2021-04-22"
"76.535.764/0001-43","2021-01-01",8,110722,1343512,213447,1313,5796444466,90,155915479,98.851,5952359945,90.212,"2021-04-30"
"76.627.504/0001-06","2021-01-01",6,110992,0,0,0,0,0,0,0,0,0,""
"78.876.950/0001-71","2021-01-01",6,110624,0,1,0,0,0,0,0,0,0,"2021-09-14"
"79.430.682/0001-22","2021-01-01",2,107118,3,0,0,0,0,0,0,0,0,"2020-10-13"
"80.227.184/0001-66","2021-01-01",2,110564,1130,19,0,1313,1.63211,41850,26.01059,43163,17.844305,"2021-04-29"
"81.243.735/0001-48","2021-01-01",6,110923,34621,104,167,78053723,55.04,0,0,78053723,55.04,"2021-04-30"
"82.120.676/0001-83","2021-01-01",2,110450,1,1,0,0,0,0,0,0,0,"2021-06-23"
"82.508.433/0001-17","2021-01-01",7,110892,80,20,0,49775,0.01,42977,0.01,92752,0.01,"2021-12-16"
"82.636.986/0001-55","2021-01-01",1,105329,0,0,0,0,100,0,100,0,100,""
"82.640.558/0001-04","2021-01-01",1,105665,1100,198,43,116674,4.1,768900,23.1,885574,14.3,"2020-04-30"
"82.643.537/0001-34","2021-01-01",4,108681,5915,42,13,9750000,43.333333,12750000,56.666667,22500000,100,"2021-09-16"
"82.901.000/0001-27","2021-01-01",2,110809,27097,219,243,114575879,34.973146,0,0,114575879,34.973146,"2021-04-30"
"82.982.075/0001-80","2021-01-01",1,105226,606,26,13,1456603,100,2802677,100,4259280,100,"2021-04-27"
"83.475.913/0001-91","2021-01-01",2,106098,26474,366,47,66269176,42.88,0,0,66269176,42.88,"2021-04-27"
"83.878.892/0001-55","2021-01-01",6,110996,5139,520,450,6297457,40.56,22810127,98.98,29107584,75.46,"2021-04-30"
"84.429.695/0001-11","2021-01-01",1,105146,345714,3338,1844,1484859030,35.376377,0,0,1484859030,35.376377,"2021-04-27"
"84.683.374/0001-49","2021-01-01",6,110263,39890,487,317,67547494,46.850233,0,0,67547494,46.850233,"2021-04-30"
"84.683.408/0001-03","2021-01-01",2,109025,1499,31,0,73608,0.13514,9586722,45.268506,9660330,12.770565,"2021-04-30"
"84.683.671/0001-94","2021-01-01",1,105335,1559,20,8,18666,2.720997,1004233,73.194718,1022899,49.703475,"2021-04-30"
"84.684.455/0001-63","2021-01-01",5,110285,1,2,0,0,0,0,0,0,0,"2021-08-19"
"84.693.183/0001-68","2021-01-01",3,108524,28579,180,85,14023286,18.367977,86997462,85.007431,101020748,56.534906,"2021-09-03"
"85.041.333/0001-11","2021-01-01",3,108405,0,4,0,85937255,37.14,145449893,62.86,231387148,100,"2017-08-08"
"85.778.074/0001-06","2021-01-01",3,108733,138,12,12,0,0,139898,58.290833,139898,23.996226,"2021-05-05"
"86.375.425/0001-09","2021-01-01",1,104647,16,2,6,51959,1.23,3033819,61.6,3085778,33.77,"2021-04-27"
"86.550.951/0001-50","2021-01-01",6,110429,1967,10,0,733000,36.63,0,0,733000,36.63,"2021-04-29"
"87.043.832/0001-73","2021-01-01",4,110831,338,880,19,2,0,432672,100,432674,100,"2021-04-30"
"87.456.562/0001-22","2021-01-01",3,107609,125,6,6,440759,4.22,130868,99.62,571627,5.4,"2021-04-29"
"87.762.563/0001-03","2021-01-01",3,110475,3,1,0,0,0,3826726,64.311,3826726,64.311,"2021-04-28"
"88.610.126/0001-29","2021-01-01",4,107374,9596,51,106,75878489,34.876024,0,0,75878489,34.876024,"2021-04-13"
"88.610.191/0001-54","2021-01-01",2,110794,3026,142,12,1669373,67.306371,0,0,1669373,67.306371,"2021-04-29"
"88.611.835/0001-29","2021-01-01",2,106393,83453,415,231,166592328,48.76,557765916,92.15,724358244,76.5,"2021-03-30"
"88.613.658/0001-10","2021-06-30",3,110436,1286,56,0,385220,2.405081,31585060,98.612207,31970280,66.540306,"2019-10-30"
"89.086.144/0001-16","2021-01-01",4,110807,39593,519,599,21308966,18.29,177628801,77.48,198937767,57.5,"2021-06-11"
"89.096.457/0001-55","2021-01-01",5,110509,49180,247,646,89042697,46.11,0,0,89042697,46.11,"2021-04-29"
"89.463.822/0001-12","2021-01-01",7,110852,12618,83,26,29116703,100,0,0,29116703,100,"2021-12-16"
"89.637.490/0001-45","2021-01-01",8,109275,173547,1751,56,922294338,44.3,3251977589,91.96,4174271927,74.3,"2021-03-24"
"89.723.993/0001-33","2021-01-01",2,107607,397,7,12,911080,12.164407,5084090,99.487504,5995170,47.580715,"2017-07-17"
"89.850.341/0001-60","2021-01-01",3,109534,47234,394,133,268364780,29.75,0,0,268364780,29.75,"2021-04-12"
"90.076.886/0001-40","2021-01-01",4,110653,2541,61,0,3387072,47.704568,0,0,3387072,47.704568,"2021-06-14"
"90.400.888/0001-42","2021-01-01",9,111020,230961,16492,1075,362703399,9.498098,390507811,10.612,753211210,10.045,"2021-04-30"
"90.441.460/0001-48","2021-01-01",2,108830,8865,76,9,28508438,43.138155,0,0,28508438,43.138155,"2021-04-27"
"91.333.666/0001-17","2021-01-01",1,104987,13959,28,14,25408950,33.51,50414424,66.49,75823374,100,"2021-04-20"
"91.495.499/0001-00","2021-01-01",1,104842,0,3,0,0,0,0,0,0,0,"2021-04-23"
"91.669.747/0001-92","2021-01-01",1,104746,254,21,0,300101,32.84,0,0,300101,32.84,"2015-04-28"
"91.983.056/0001-69","2021-01-01",8,110604,10558,95,200,30324161,99.911719,0,0,30324161,99.911719,"2021-08-05"
"92.012.467/0001-70","2021-01-01",2,105840,9828,40,67,2567496,31.7312,8774860,76.5483,11342356,0.580037,"2021-04-30"
"92.660.570/0001-26","2021-01-01",1,105243,383,5,10,256800,11.174935,1320300,45.559,1577100,30.352,"2021-04-22"
"92.665.611/0001-77","2021-01-01",7,109519,41266,465,44,71745377,47.710187,0,0,71745377,47.710187,"2021-04-30"
"92.690.783/0001-09","2021-01-01",8,111041,93504,1007,507,90953948,11.52,698275321,88.48,789229269,72.59,"2021-04-23"
"92.693.019/0001-89","2021-01-01",2,107442,650,92,8,389333,1.699618,705145,68.775444,1094478,4.573212,"2021-08-03"
"92.702.067/0001-96","2021-01-01",11,110638,157276,4814,548,3839426,1.87,203157426,99.63,206996852,50.61,"2021-04-27"
"92.715.812/0001-31","2021-01-01",8,110916,126,216,0,3126054,32.88,150485,99.28,3276539,33.92,"2021-10-15"
"92.721.232/0001-57","2021-01-01",4,110311,224,46,1,0,0,0,0,0,0,"2021-04-26"
"92.749.225/0001-63","2021-01-01",3,106431,955,35,1,2804,1.6379,240946,71.1173,243750,47.7942,"2021-04-29"
"92.754.738/0001-62","2021-01-01",9,110477,127635,656,2200,979060006,99.02,0,0,979060006,99.02,"2021-04-29"
"92.781.335/0001-02","2021-01-01",6,110639,39259,552,9,7795474,16.784199,64925253,91.876898,72720727,62.095665,"2021-10-07"
"92.791.243/0001-03","2021-01-01",3,107316,33264,436,2,106103165,41.33,0,0,106103165,41.33,"2021-04-28"
"92.802.784/0001-90","2021-01-01",2,107127,0,9,0,0,0,0,0,0,0,"2020-06-16"
"92.934.215/0001-06","2021-01-01",4,108546,0,2,0,0,0,0,0,0,0,"2019-05-30"
"93.828.986/0001-73","2021-01-01",2,105741,575,28,0,12447,34.872384,23246,65.127616,35693,100,"2021-04-30"
"94.813.102/0001-70","2021-01-01",6,106509,6,6,0,109803922,22.222,0,0,109803922,22.222,"2021-06-07"
"95.426.862/0001-97","2021-01-01",1,105427,297,4,4,2223,0.078,1506413,63.42,1508636,28.889,"2021-04-19"
"96.298.013/0001-68","2021-01-01",6,111001,42,0,0,27100,2.1e-05,0,0,27100,2.1e-05,"2021-12-21"
"96.418.264/0218-02","2021-01-01",3,110628,27711,224,340,179211429,95.686,0,0,179211429,95.686,"2021-12-03"
"97.191.902/0001-94","2021-01-01",1,105276,429,10,0,112064,1.14,85888,6.01,197952,7.15,"2020-04-30"
"97.837.181/0001-47","2021-01-01",6,110836,17252,538,227,295712871,38.860351,0,0,295712871,38.860351,"2021-04-29"
